TIME,Origin,L3F,LSTM,SVR
25/06/2018 01:00,83,84.05283511,82.6227355,83.22707081
25/06/2018 01:05,83,84.84989882,87.16558874,82.34295164
25/06/2018 01:10,83,84.1022861,82.02081561,82.34295164
25/06/2018 01:15,83,83.52948904,80.86984336,82.34295164
25/06/2018 01:20,82,83.85586202,84.04738486,82.34295164
25/06/2018 01:25,82,83.67120266,83.60773802,82.34295164
25/06/2018 01:30,83,83.31071436,82.96212912,82.34295164
25/06/2018 01:35,83,83.83789182,84.0662998,82.34295164
25/06/2018 01:40,83,83.83789182,82.42415547,82.34295164
25/06/2018 01:45,82,83.83789182,83.22634757,82.34295164
25/06/2018 01:50,82,83.83789182,88.09249163,81.46459747
25/06/2018 01:55,82,82.84565151,83.69162202,81.46459747
25/06/2018 02:00,82,82.41389632,84.58724141,82.34295164
25/06/2018 02:05,82,83.1882304,83.15077543,82.34295164
25/06/2018 02:10,82,83.60001504,81.890136,82.34295164
25/06/2018 02:15,82,83.98088038,83.55012298,81.46459747
25/06/2018 02:20,82,83.53903294,83.29658091,81.46459747
25/06/2018 02:25,81,82.94446707,85.24097145,81.46459747
25/06/2018 02:30,81,82.1966356,85.80935597,81.46459747
25/06/2018 02:35,81,82.18072653,85.89363456,81.46459747
25/06/2018 02:40,81,82.33941734,83.81217062,81.46459747
25/06/2018 02:45,81,82.86705613,82.54237294,81.46459747
25/06/2018 02:50,81,82.86705613,81.150527,81.46459747
25/06/2018 02:55,81,82.86705613,82.95591712,80.59211186
25/06/2018 03:00,81,81.87728584,82.30744183,80.59211186
25/06/2018 03:05,81,81.45124853,82.66780794,80.59211186
25/06/2018 03:10,81,81.22858465,82.97204375,80.59211186
25/06/2018 03:15,81,81.21234417,83.52619708,80.59211186
25/06/2018 03:20,81,81.37417555,84.79402363,80.59211186
25/06/2018 03:25,81,81.90067291,81.40714526,80.59211186
25/06/2018 03:30,80,81.90067291,80.49070358,80.59211186
25/06/2018 03:35,80,81.90067291,85.9397608,80.59211186
25/06/2018 03:40,80,81.90067291,82.34154463,80.59211186
25/06/2018 03:45,80,81.90067291,80.65672934,80.59211186
25/06/2018 03:50,80,81.90067291,87.18434811,80.59211186
25/06/2018 03:55,80,81.90067291,83.49137008,80.59211186
25/06/2018 04:00,80,81.90067291,80.58477044,79.72559709
25/06/2018 04:05,80,80.91357112,78.95191431,79.72559709
25/06/2018 04:10,80,80.48454404,83.2121861,79.72559709
25/06/2018 04:15,80,80.26669085,82.10591495,79.72559709
25/06/2018 04:20,80,80.24421573,79.03135896,79.72559709
25/06/2018 04:25,80,80.40976942,80.09748518,79.72559709
25/06/2018 04:30,80,80.93312323,80.51652908,79.72559709
25/06/2018 04:35,80,80.93312323,81.77693307,79.72559709
25/06/2018 04:40,80,80.93312323,81.75950825,79.72559709
25/06/2018 04:45,80,80.93312323,81.47091389,79.72559709
25/06/2018 04:50,80,80.93312323,80.49153864,79.72559709
25/06/2018 04:55,80,80.93312323,80.0332278,79.72559709
25/06/2018 05:00,80,80.93312323,82.25028038,79.72559709
25/06/2018 05:05,80,80.93312323,80.76093316,79.72559709
25/06/2018 05:10,80,80.93312323,84.87636387,79.72559709
25/06/2018 05:15,80,80.93312323,83.26344132,79.72559709
25/06/2018 05:20,80,80.93312323,76.82629406,79.72559709
25/06/2018 05:25,79,80.93312323,83.92725348,79.72559709
25/06/2018 05:30,79,80.93312323,82.55609035,79.72559709
25/06/2018 05:35,79,80.93312323,80.13194859,79.72559709
25/06/2018 05:40,79,80.93312323,80.86249232,79.72559709
25/06/2018 05:45,79,80.93312323,82.54669845,79.72559709
25/06/2018 05:50,79,80.93312323,83.69913816,79.72559709
25/06/2018 05:55,79,80.93312323,79.68860745,78.86515418
25/06/2018 06:00,79,79.94875014,83.16517293,78.86515418
25/06/2018 06:05,79,79.52334166,85.66449404,78.86515418
25/06/2018 06:10,79,79.30052936,82.57744551,78.86515418
25/06/2018 06:15,79,79.28304434,80.95367014,78.86515418
25/06/2018 06:20,78,79.4444257,81.39801323,78.86515418
25/06/2018 06:25,78,79.96456504,78.950423,78.86515418
25/06/2018 06:30,79,79.96456504,78.15102518,78.86515418
25/06/2018 06:35,79,79.96456504,80.36658287,78.86515418
25/06/2018 06:40,81,79.96456504,84.1481626,78.86515418
25/06/2018 06:45,82,79.96456504,81.14985883,78.86515418
25/06/2018 06:50,82,79.96456504,80.61627388,78.01088287
25/06/2018 06:55,80,78.98297548,81.84875607,78.01088287
25/06/2018 07:00,80,78.55826914,78.46222997,78.86515418
25/06/2018 07:05,79,79.31666791,79.17070925,78.86515418
25/06/2018 07:10,79,79.73000944,80.34694076,80.59211186
25/06/2018 07:15,79,82.07833707,78.97437274,81.46459747
25/06/2018 07:20,78,84.47158635,82.43362784,81.46459747
25/06/2018 07:25,80,85.17846763,80.65064371,79.72559709
25/06/2018 07:30,82,82.93569386,82.39187062,79.72559709
25/06/2018 07:35,85,81.7731756,84.27588344,78.86515418
25/06/2018 07:40,86,79.13432956,80.90059757,78.86515418
25/06/2018 07:45,87,78.14355254,82.03317285,78.86515418
25/06/2018 07:50,88,78.24960947,80.01122236,78.01088287
25/06/2018 07:55,88,78.30156922,80.67807376,79.72559709
25/06/2018 08:00,90,79.99999285,80.73085308,81.46459747
25/06/2018 08:05,93,83.13986063,80.05539894,84.11685022
25/06/2018 08:10,94,87.40095675,82.82859564,85.01218386
25/06/2018 08:15,102,90.33030689,82.10820198,85.91296456
25/06/2018 08:20,102,92.65682101,83.91262174,86.81908396
25/06/2018 08:25,105,92.99196959,89.23316836,86.81908396
25/06/2018 08:30,110,92.11413205,88.64104092,88.64689969
25/06/2018 08:35,111,92.60622978,86.27665639,91.42588956
25/06/2018 08:40,111,95.82536757,88.93915832,92.36170271
25/06/2018 08:45,117,97.87305057,88.49033058,100.0020368
25/06/2018 08:50,119,106.5377557,98.06713939,100.0020368
25/06/2018 08:55,117,109.9858153,93.89493406,102.9297065
25/06/2018 09:00,119,113.1446016,97.63609171,107.8717278
25/06/2018 09:05,126,117.9207134,100.8697635,108.8683727
25/06/2018 09:10,131,119.8145139,102.7959204,108.8683727
25/06/2018 09:15,133,117.1049428,103.4020674,114.895048
25/06/2018 09:20,134,122.9078269,109.7738945,116.9186189
25/06/2018 09:25,134,125.088557,111.1430168,114.895048
25/06/2018 09:30,136,122.3782957,111.872592,116.9186189
25/06/2018 09:35,143,123.5280514,116.0668945,124.0379846
25/06/2018 09:40,150,129.8861957,118.9593458,129.1395593
25/06/2018 09:45,153,134.7120726,118.9228058,131.1795902
25/06/2018 09:50,156,139.5358837,120.9999001,132.1989372
25/06/2018 09:55,160,143.1158745,122.2700572,132.1989372
25/06/2018 10:00,169,141.8074942,127.6598346,134.2356196
25/06/2018 10:05,168,139.6235693,130.7576907,141.3287704
25/06/2018 10:10,168,144.258709,131.9709516,148.3322672
25/06/2018 10:15,169,152.765156,135.3576219,151.2951424
25/06/2018 10:20,172,159.1634798,137.9281557,154.2298135
25/06/2018 10:25,171,164.0707493,139.0460801,158.0929435
25/06/2018 10:30,171,167.2731531,147.1466279,166.5388064
25/06/2018 10:35,173,172.4574304,149.6710062,165.6191182
25/06/2018 10:40,171,172.3948336,148.2355309,165.6191182
25/06/2018 10:45,173,171.9636953,150.7378614,166.5388064
25/06/2018 10:50,173,171.0307431,155.6368029,169.2669902
25/06/2018 10:55,173,170.8199883,157.9164243,168.3628549
25/06/2018 11:00,171,168.0733776,158.103857,168.3628549
25/06/2018 11:05,173,168.6039937,160.1067734,170.165718
25/06/2018 11:10,173,169.9363875,161.8897533,168.3628549
25/06/2018 11:15,174,168.3077395,162.8716826,170.165718
25/06/2018 11:20,176,168.5141134,162.9473245,170.165718
25/06/2018 11:25,171,169.3346465,156.6791308,170.165718
25/06/2018 11:30,167,169.3314075,165.0543988,168.3628549
25/06/2018 11:35,164,167.4175739,154.2820978,170.165718
25/06/2018 11:40,164,168.6579573,169.3843365,170.165718
25/06/2018 11:45,168,168.3494759,165.391283,171.0589286
25/06/2018 11:50,169,169.3888366,170.4211056,172.828365
25/06/2018 11:55,164,171.5962434,158.2822227,168.3628549
25/06/2018 12:00,154,169.0808749,165.1394796,164.6944725
25/06/2018 12:05,152,163.7774503,158.5789847,161.8919475
25/06/2018 12:10,148,158.9747274,158.258152,161.8919475
25/06/2018 12:15,147,156.3812995,159.6290684,165.6191182
25/06/2018 12:20,144,158.9642799,154.9669456,166.5388064
25/06/2018 12:25,144,163.4910059,150.9460831,161.8919475
25/06/2018 12:30,146,162.4067819,157.6635218,152.2766696
25/06/2018 12:35,146,153.4750056,151.8569982,150.3104809
25/06/2018 12:40,145,146.4652479,153.6859977,146.3430582
25/06/2018 12:45,146,138.59007,152.2406244,145.3446548
25/06/2018 12:50,146,135.8129478,148.5146117,142.3358189
25/06/2018 12:55,148,135.2689254,142.9540277,142.3358189
25/06/2018 13:00,153,137.9910398,142.4868095,144.343893
25/06/2018 13:05,155,140.6939232,137.1910775,144.343893
25/06/2018 13:10,155,143.2844257,139.3142581,143.3409038
25/06/2018 13:15,151,143.6591327,142.3269928,144.343893
25/06/2018 13:20,154,145.506649,142.2062576,144.343893
25/06/2018 13:25,155,145.4047155,136.1530733,146.3430582
25/06/2018 13:30,154,146.5029395,140.9032583,151.2951424
25/06/2018 13:35,153,151.9160974,143.6250031,153.2549355
25/06/2018 13:40,157,156.3060904,138.254925,153.2549355
25/06/2018 13:45,158,157.6194978,145.0822914,149.322813
25/06/2018 13:50,160,154.2837477,144.0861285,152.2766696
25/06/2018 13:55,160,153.7130594,148.9519346,153.2549355
25/06/2018 14:00,157,152.6700056,149.9777639,152.2766696
25/06/2018 14:05,157,151.8130076,140.8248949,151.2951424
25/06/2018 14:10,158,151.4325976,152.6760054,155.201178
25/06/2018 14:15,157,155.5037057,149.3649161,156.1689038
25/06/2018 14:20,163,156.3415861,153.9669907,158.0929435
25/06/2018 14:25,163,158.851347,150.8165312,158.0929435
25/06/2018 14:30,164,160.477519,147.7697372,155.201178
25/06/2018 14:35,164,158.1110632,153.8431942,155.201178
25/06/2018 14:40,164,155.2175319,156.9469738,156.1689038
25/06/2018 14:45,168,154.8453259,153.5536349,155.201178
25/06/2018 14:50,167,153.521477,150.6750953,160.9486338
25/06/2018 14:55,169,158.7648785,148.1441116,160.9486338
25/06/2018 15:00,171,162.1377003,154.5167422,161.8919475
25/06/2018 15:05,171,163.828671,155.911212,161.8919475
25/06/2018 15:10,176,164.1336596,150.4301405,161.8919475
25/06/2018 15:15,178,163.8061965,147.1745825,165.6191182
25/06/2018 15:20,174,164.706223,157.6556563,164.6944725
25/06/2018 15:25,174,165.2781296,163.0241489,166.5388064
25/06/2018 15:30,174,166.7941999,158.9523447,168.3628549
25/06/2018 15:35,170,169.0558815,161.9707954,168.3628549
25/06/2018 15:40,164,169.5253742,157.1832585,172.828365
25/06/2018 15:45,163,172.3917127,150.55866,174.5744453
25/06/2018 15:50,159,175.8448398,148.5866719,171.0589286
25/06/2018 15:55,160,173.3746743,157.8123295,171.0589286
25/06/2018 16:00,159,171.7056477,165.1785076,171.0589286
25/06/2018 16:05,159,170.4300547,166.7770946,167.453423
25/06/2018 16:10,159,165.2163088,165.2661955,161.8919475
25/06/2018 16:15,162,158.809514,160.158844,160.9486338
25/06/2018 16:20,152,156.4326525,160.8779347,157.1328668
25/06/2018 16:25,153,151.5784395,160.1553071,158.0929435
25/06/2018 16:30,156,151.082859,159.71861,157.1328668
25/06/2018 16:35,153,152.1756029,154.7324789,157.1328668
25/06/2018 16:40,145,154.2023158,157.7143824,157.1328668
25/06/2018 16:45,142,155.0333667,153.6181772,160.0009483
25/06/2018 16:50,142,158.9007652,149.262017,150.3104809
25/06/2018 16:55,142,151.2407184,154.2973936,151.2951424
25/06/2018 17:00,137,149.1371465,142.6448238,154.2298135
25/06/2018 17:05,134,150.4646659,146.0398471,151.2951424
25/06/2018 17:10,129,148.5201371,142.9424632,143.3409038
25/06/2018 17:15,130,141.1058569,146.4071906,140.3198907
25/06/2018 17:20,128,138.5226643,149.6556795,140.3198907
25/06/2018 17:25,130,134.8900175,138.3786166,140.3198907
25/06/2018 17:30,129,133.3677351,135.8492184,135.2526855
25/06/2018 17:35,131,131.1114323,136.3934588,132.1989372
25/06/2018 17:40,131,130.071466,138.0611455,127.0986459
25/06/2018 17:45,127,124.377532,138.8490975,128.1191454
25/06/2018 17:50,124,122.5509536,130.5990064,126.078196
25/06/2018 17:55,120,120.8407342,128.2275349,128.1191454
25/06/2018 18:00,116,124.7636151,126.3663721,127.0986459
25/06/2018 18:05,113,126.5313745,124.9599636,129.1395593
25/06/2018 18:10,111,130.5660021,126.9846582,129.1395593
25/06/2018 18:15,108,131.1387098,128.2078922,125.0579306
25/06/2018 18:20,107,128.2182348,119.6462762,121.9995906
25/06/2018 18:25,107,122.8454363,121.3329256,117.932561
25/06/2018 18:30,106,116.9610727,127.2377551,113.8856849
25/06/2018 18:35,107,109.6187913,123.5916567,110.8688716
25/06/2018 18:40,107,104.7128534,116.3156021,108.8683727
25/06/2018 18:45,108,102.9501659,116.7437673,105.8862939
25/06/2018 18:50,107,100.5124271,109.7025788,104.8977621
25/06/2018 18:55,106,100.4120809,106.6713399,104.8977621
25/06/2018 19:00,105,101.8577385,107.9905295,103.9121906
25/06/2018 19:05,107,102.458533,103.7665963,104.8977621
25/06/2018 19:10,107,104.5691144,105.1376909,104.8977621
25/06/2018 19:15,107,106.5257776,106.3616288,105.8862939
25/06/2018 19:20,108,108.2455885,105.3520918,104.8977621
25/06/2018 19:25,106,107.864641,103.0179363,103.9121906
25/06/2018 19:30,102,106.9659591,103.8094807,102.9297065
25/06/2018 19:35,105,104.8110414,106.3313115,104.8977621
25/06/2018 19:40,105,105.9994042,107.8384888,104.8977621
25/06/2018 19:45,106,106.3003898,105.9027374,104.8977621
25/06/2018 19:50,107,107.3859656,105.9810758,105.8862939
25/06/2018 19:55,107,109.14047,102.9307133,103.9121906
25/06/2018 20:00,106,107.715776,105.2631843,100.0020368
25/06/2018 20:05,104,101.9503707,100.6997353,102.9297065
25/06/2018 20:10,104,102.8567612,103.2844472,102.9297065
25/06/2018 20:15,105,103.1253183,103.3419508,103.9121906
25/06/2018 20:20,104,104.5048666,101.2224782,104.8977621
25/06/2018 20:25,102,107.7631903,104.028973,104.8977621
25/06/2018 20:30,102,109.9766529,102.6174206,103.9121906
25/06/2018 20:35,100,107.6137829,102.2566628,101.9504359
25/06/2018 20:40,100,104.9928021,106.2159324,101.9504359
25/06/2018 20:45,100,103.2196534,104.5251936,102.9297065
25/06/2018 20:50,100,103.2794523,104.791714,101.9504359
25/06/2018 20:55,97,102.8342175,100.5398631,100.0020368
25/06/2018 21:00,97,101.4469302,104.6543533,100.0020368
25/06/2018 21:05,97,101.438992,103.4939212,98.0679884
25/06/2018 21:10,95,98.79486382,100.5998611,98.0679884
25/06/2018 21:15,94,97.53592432,103.3343112,98.0679884
25/06/2018 21:20,94,97.99140096,97.94923663,98.0679884
25/06/2018 21:25,94,99.0057385,101.1699808,95.19596863
25/06/2018 21:30,96,96.30825162,99.25365567,95.19596863
25/06/2018 21:35,94,96.05730414,101.0156137,95.19596863
25/06/2018 21:40,95,95.42423546,102.3692799,93.30206507
25/06/2018 21:45,93,93.33946049,94.73661065,92.36170271
25/06/2018 21:50,94,91.97649181,93.56464744,92.36170271
25/06/2018 21:55,94,92.70683467,94.2179352,92.36170271
25/06/2018 22:00,93,92.45554805,94.04407203,94.24685968
25/06/2018 22:05,93,94.80250239,96.43751323,92.36170271
25/06/2018 22:10,93,94.87734675,95.6308651,93.30206507
25/06/2018 22:15,94,95.97661734,92.76334703,91.42588956
25/06/2018 22:20,94,94.00276303,92.57846296,92.36170271
25/06/2018 22:25,93,93.97192657,90.88190377,92.36170271
25/06/2018 22:30,92,93.28999043,95.62150121,91.42588956
25/06/2018 22:35,91,93.34085882,91.43450618,91.42588956
25/06/2018 22:40,91,92.73751378,91.96591079,91.42588956
25/06/2018 22:45,91,93.4148103,92.46209383,92.36170271
25/06/2018 22:50,91,93.87329102,92.47864068,92.36170271
25/06/2018 22:55,91,94.48023915,94.13988233,91.42588956
25/06/2018 23:00,90,94.21456575,95.64699292,90.49474155
25/06/2018 23:05,90,92.79177487,92.98107862,89.56837363
25/06/2018 23:10,89,90.96157253,91.0781157,89.56837363
25/06/2018 23:15,90,89.76425588,88.70367229,89.56837363
25/06/2018 23:20,90,89.70103741,93.11787784,89.56837363
25/06/2018 23:25,89,90.38191259,88.29586089,89.56837363
25/06/2018 23:30,90,91.08161211,91.43822908,88.64689969
25/06/2018 23:35,89,90.60732782,91.74254119,88.64689969
25/06/2018 23:40,89,90.17242968,94.3811059,87.73043255
25/06/2018 23:45,87,88.95232975,87.2124809,88.64689969
25/06/2018 23:50,86,89.50634897,91.43726528,88.64689969
25/06/2018 23:55,88,89.89469409,91.61958396,87.73043255
26/06/2018 00:00,88,89.61783051,90.86361289,88.64689969
26/06/2018 00:05,87,90.3768599,89.78097975,87.73043255
26/06/2018 00:10,86,89.9491936,85.90397894,87.73043255
26/06/2018 00:15,87,89.18343306,86.672346,85.91296456
26/06/2018 00:20,87,87.1447885,90.08045375,85.01218386
26/06/2018 00:25,87,85.62553883,87.09440768,86.81908396
26/06/2018 00:30,87,86.39705896,89.60495114,86.81908396
26/06/2018 00:35,86,87.5394088,87.79939473,85.91296456
26/06/2018 00:40,86,87.29055643,86.59503102,85.01218386
26/06/2018 00:45,87,87.12288737,88.1637907,85.91296456
26/06/2018 00:50,88,87.66778052,86.09415174,85.91296456
26/06/2018 00:55,88,86.80670381,90.99169672,85.91296456
26/06/2018 01:00,87,87.16678441,83.60346854,85.91296456
26/06/2018 01:05,87,87.88624644,86.2264514,85.01218386
26/06/2018 01:10,87,87.25311875,86.23297572,85.01218386
26/06/2018 01:15,87,86.28672957,87.50594497,85.91296456
26/06/2018 01:20,87,87.07353592,86.6743058,86.81908396
26/06/2018 01:25,87,88.48905742,84.10451472,86.81908396
26/06/2018 01:30,87,89.30655122,87.98741519,85.91296456
26/06/2018 01:35,87,89.0676856,89.08894897,85.91296456
26/06/2018 01:40,88,88.48703563,88.20503414,85.91296456
26/06/2018 01:45,89,87.57443726,84.20323312,85.91296456
26/06/2018 01:50,89,87.02203751,87.03586936,85.91296456
26/06/2018 01:55,89,87.18948901,85.54287434,85.91296456
26/06/2018 02:00,89,87.72345901,89.49269354,85.91296456
26/06/2018 02:05,89,87.72345901,87.81735599,85.91296456
26/06/2018 02:10,89,87.72345901,86.56146467,86.81908396
26/06/2018 02:15,89,88.72547448,84.84127581,87.73043255
26/06/2018 02:20,89,90.16328335,89.70324636,87.73043255
26/06/2018 02:25,89,90.81234574,88.0992347,87.73043255
26/06/2018 02:30,89,91.04695141,88.65121365,87.73043255
26/06/2018 02:35,89,90.89846015,86.17280602,87.73043255
26/06/2018 02:40,89,90.19964159,89.66123164,87.73043255
26/06/2018 02:45,89,89.66817856,87.22796202,87.73043255
26/06/2018 02:50,89,89.66817856,90.27423501,87.73043255
26/06/2018 02:55,89,89.66817856,85.6630975,87.73043255
26/06/2018 03:00,89,89.66817856,86.18790329,87.73043255
26/06/2018 03:05,88,89.66817856,89.25393581,87.73043255
26/06/2018 03:10,88,89.66817856,86.11548424,87.73043255
26/06/2018 03:15,88,89.66817856,88.35847914,87.73043255
26/06/2018 03:20,88,89.66817856,87.15775728,87.73043255
26/06/2018 03:25,88,89.66817856,89.52320635,87.73043255
26/06/2018 03:30,88,89.66817856,90.30340254,87.73043255
26/06/2018 03:35,88,89.66817856,89.69814718,86.81908396
26/06/2018 03:40,88,88.66365612,86.80214882,86.81908396
26/06/2018 03:45,88,88.22903037,89.31193888,86.81908396
26/06/2018 03:50,88,88.01347196,88.48275125,86.81908396
26/06/2018 03:55,88,87.995314,86.93490088,86.81908396
26/06/2018 04:00,88,88.16365361,86.57789052,86.81908396
26/06/2018 04:05,88,88.69234324,90.05325675,86.81908396
26/06/2018 04:10,88,88.69234324,91.74098969,86.81908396
26/06/2018 04:15,88,88.69234324,86.98513269,86.81908396
26/06/2018 04:20,88,88.69234324,88.88540208,86.81908396
26/06/2018 04:25,88,88.69234324,87.06505001,86.81908396
26/06/2018 04:30,88,88.69234324,87.02143967,86.81908396
26/06/2018 04:35,88,88.69234324,86.41817749,86.81908396
26/06/2018 04:40,88,88.69234324,87.26943254,86.81908396
26/06/2018 04:45,88,88.69234324,88.05654466,86.81908396
26/06/2018 04:50,88,88.69234324,87.40393817,86.81908396
26/06/2018 04:55,88,88.69234324,89.80580389,86.81908396
26/06/2018 05:00,88,88.69234324,88.32463384,86.81908396
26/06/2018 05:05,88,88.69234324,89.99711215,86.81908396
26/06/2018 05:10,88,88.69234324,86.53504312,86.81908396
26/06/2018 05:15,88,88.69234324,88.07159901,86.81908396
26/06/2018 05:20,88,88.69234324,87.98004091,86.81908396
26/06/2018 05:25,88,88.69234324,90.03597856,86.81908396
26/06/2018 05:30,87,88.69234324,91.64061368,86.81908396
26/06/2018 05:35,87,88.69234324,89.99228597,86.81908396
26/06/2018 05:40,87,88.69234324,88.87725413,86.81908396
26/06/2018 05:45,87,88.69234324,88.42503428,86.81908396
26/06/2018 05:50,87,88.69234324,86.13341987,86.81908396
26/06/2018 05:55,87,88.69234324,85.53932846,86.81908396
26/06/2018 06:00,87,88.69234324,86.32098198,85.91296456
26/06/2018 06:05,87,87.68952906,88.39998484,85.91296456
26/06/2018 06:10,87,87.25954831,85.80462456,85.91296456
26/06/2018 06:15,87,87.03945816,85.91526568,85.91296456
26/06/2018 06:20,86,87.02203751,85.08571506,85.91296456
26/06/2018 06:25,86,87.18948901,86.47839069,85.91296456
26/06/2018 06:30,86,87.72345901,88.01523924,85.91296456
26/06/2018 06:35,86,87.72345901,86.9446969,85.91296456
26/06/2018 06:40,86,87.72345901,90.08746028,85.91296456
26/06/2018 06:45,86,87.72345901,87.19044745,85.91296456
26/06/2018 06:50,87,87.72345901,88.14470112,85.01218386
26/06/2018 06:55,89,86.72254562,83.75253618,85.01218386
26/06/2018 07:00,89,86.28672957,87.71845877,85.01218386
26/06/2018 07:05,89,86.07326508,89.33065116,85.01218386
26/06/2018 07:10,89,86.05110049,86.6563952,85.01218386
26/06/2018 07:15,88,86.22014523,88.95944774,85.01218386
26/06/2018 07:20,92,86.75064623,83.13604951,85.91296456
26/06/2018 07:25,92,87.75081277,86.30829334,87.73043255
26/06/2018 07:30,93,90.18951714,88.35198283,87.73043255
26/06/2018 07:35,95,91.2747997,86.55976057,87.73043255
26/06/2018 07:40,95,91.72241628,87.71682799,87.73043255
26/06/2018 07:45,95,91.5946734,89.67119396,86.81908396
26/06/2018 07:50,94,89.72633839,91.62245333,90.49474155
26/06/2018 07:55,94,92.24646389,87.67050743,90.49474155
26/06/2018 08:00,96,93.77882957,89.41280365,91.42588956
26/06/2018 08:05,98,95.61876774,90.91964662,93.30206507
26/06/2018 08:10,103,98.32797587,93.06861103,93.30206507
26/06/2018 08:15,103,99.2614001,93.65103006,93.30206507
26/06/2018 08:20,108,97.58519948,95.75931668,92.36170271
26/06/2018 08:25,108,96.44380569,91.01819694,92.36170271
26/06/2018 08:30,110,95.13529539,92.75551021,94.24685968
26/06/2018 08:35,110,95.88153958,93.43101621,96.14927308
26/06/2018 08:40,110,98.76333356,92.83024788,100.9745044
26/06/2018 08:45,115,105.2947676,96.65205359,100.9745044
26/06/2018 08:50,119,108.477174,97.27186143,105.8862939
26/06/2018 08:55,119,114.2713821,99.79084432,105.8862939
26/06/2018 09:00,123,115.159272,101.4811397,107.8717278
26/06/2018 09:05,123,116.2727332,100.0093538,107.8717278
26/06/2018 09:10,122,114.6202004,108.7915158,107.8717278
26/06/2018 09:15,127,114.1489029,107.4767148,112.8781133
26/06/2018 09:20,125,116.6035247,110.0326192,116.9186189
26/06/2018 09:25,125,122.4316061,112.0841187,116.9186189
26/06/2018 09:30,122,124.1396666,112.020309,120.9814119
26/06/2018 09:35,122,129.0048075,114.0665734,120.9814119
26/06/2018 09:40,124,129.9426138,120.068109,119.9640913
26/06/2018 09:45,127,126.4722526,114.3215412,125.0579306
26/06/2018 09:50,129,129.0234506,114.5728743,123.0184931
26/06/2018 09:55,133,128.3098006,122.1533692,123.0184931
26/06/2018 10:00,131,126.4257371,121.8736577,119.9640913
26/06/2018 10:05,130,123.3673906,124.7656918,119.9640913
26/06/2018 10:10,130,121.6623199,123.627516,121.9995906
26/06/2018 10:15,130,120.9530663,116.9722641,125.0579306
26/06/2018 10:20,132,125.6507778,120.0065958,127.0986459
26/06/2018 10:25,138,129.8028708,121.1718917,131.1795902
26/06/2018 10:30,138,136.6145003,124.7559452,129.1395593
26/06/2018 10:35,139,136.4937544,121.8921185,128.1191454
26/06/2018 10:40,138,133.9882028,127.0787084,128.1191454
26/06/2018 10:45,139,131.4728403,127.9345882,128.1191454
26/06/2018 10:50,137,129.5830762,124.7164488,130.1597526
26/06/2018 10:55,137,129.9393225,125.7804954,136.268722
26/06/2018 11:00,137,137.589277,130.5694246,136.268722
26/06/2018 11:05,140,140.9810603,131.732502,137.2835947
26/06/2018 11:10,142,143.1009424,131.6032207,136.268722
26/06/2018 11:15,142,142.3824906,133.6996734,137.2835947
26/06/2018 11:20,147,141.1242163,131.2784553,135.2526855
26/06/2018 11:25,144,136.7202461,137.8697371,135.2526855
26/06/2018 11:30,141,135.8827639,129.9634862,135.2526855
26/06/2018 11:35,141,135.2460611,129.5054686,138.2971695
26/06/2018 11:40,141,138.2920408,131.6571009,140.3198907
26/06/2018 11:45,140,141.2815714,134.8905742,140.3198907
26/06/2018 11:50,140,143.5790646,135.7080472,145.3446548
26/06/2018 11:55,138,148.5818374,119.151535,142.3358189
26/06/2018 12:00,135,147.4473226,144.1987777,139.3093127
26/06/2018 12:05,135,142.6877165,136.6387844,139.3093127
26/06/2018 12:10,132,140.1417732,141.5002465,139.3093127
26/06/2018 12:15,133,138.6966169,138.9663434,138.2971695
26/06/2018 12:20,130,135.9950364,128.9601713,138.2971695
26/06/2018 12:25,130,137.3802471,130.7876897,136.268722
26/06/2018 12:30,128,136.6493261,137.1618569,133.2176586
26/06/2018 12:35,122,132.9528284,137.6286423,133.2176586
26/06/2018 12:40,121,131.4924026,131.5357018,130.1597526
26/06/2018 12:45,122,128.4547639,123.7562418,131.1795902
26/06/2018 12:50,124,128.4116375,133.480072,128.1191454
26/06/2018 12:55,122,126.7831373,125.5479801,128.1191454
26/06/2018 13:00,126,127.0133197,122.3826599,126.078196
26/06/2018 13:05,125,125.0332057,125.3677654,119.9640913
26/06/2018 13:10,125,119.4303524,122.1818221,118.947763
26/06/2018 13:15,124,115.5474997,121.3895214,119.9640913
26/06/2018 13:20,129,116.3072824,116.2945265,121.9995906
26/06/2018 13:25,134,118.7243843,118.8219893,119.9640913
26/06/2018 13:30,135,119.7792828,119.7021157,124.0379846
26/06/2018 13:35,141,126.3731945,121.2457788,123.0184931
26/06/2018 13:40,148,127.0900738,121.135726,123.0184931
26/06/2018 13:45,151,126.5539598,119.7008479,121.9995906
26/06/2018 13:50,151,124.8303914,121.5089983,127.0986459
26/06/2018 13:55,151,129.5481908,120.0909323,132.1989372
26/06/2018 14:00,153,134.5220816,126.0902476,133.2176586
26/06/2018 14:05,155,139.0332031,126.8185532,139.3093127
26/06/2018 14:10,155,146.3191414,126.9372487,146.3430582
26/06/2018 14:15,158,155.1401448,135.4329324,149.322813
26/06/2018 14:20,159,158.5653281,137.7945793,149.322813
26/06/2018 14:25,161,158.6818004,140.442394,149.322813
26/06/2018 14:30,163,157.9272556,140.0505865,151.2951424
26/06/2018 14:35,160,155.8853757,144.4668674,153.2549355
26/06/2018 14:40,160,154.884938,143.7472999,153.2549355
26/06/2018 14:45,161,154.7756398,150.3675354,156.1689038
26/06/2018 14:50,158,157.7512538,149.9956763,157.1328668
26/06/2018 14:55,156,159.5134258,151.2422955,159.0490113
26/06/2018 15:00,157,160.967052,154.2943454,160.9486338
26/06/2018 15:05,158,162.8358197,151.8741101,158.0929435
26/06/2018 15:10,160,161.0315537,157.7124786,158.0929435
26/06/2018 15:15,160,158.9223003,153.3855844,159.0490113
26/06/2018 15:20,162,158.5992908,151.0109258,156.1689038
26/06/2018 15:25,162,155.308696,149.1400969,154.2298135
26/06/2018 15:30,165,152.2947896,149.9240816,155.201178
26/06/2018 15:35,167,153.0196548,153.2653344,156.1689038
26/06/2018 15:40,166,153.6784756,144.260565,158.0929435
26/06/2018 15:45,165,155.9437191,156.6502976,158.0929435
26/06/2018 15:50,164,158.4069026,148.6251092,160.0009483
26/06/2018 15:55,161,161.0861027,151.1004508,160.0009483
26/06/2018 16:00,159,161.3652432,147.767396,162.8307705
26/06/2018 16:05,156,163.4691584,154.81583,164.6944725
26/06/2018 16:10,156,165.4937828,155.1216412,163.7649846
26/06/2018 16:15,150,165.6655622,153.8677478,162.8307705
26/06/2018 16:20,147,164.1370881,157.9966307,161.8919475
26/06/2018 16:25,138,162.3901784,155.7915545,159.0490113
26/06/2018 16:30,136,157.9132152,159.7356904,157.1328668
26/06/2018 16:35,123,154.2931139,154.3813026,154.2298135
26/06/2018 16:40,122,150.9275818,142.00176,154.2298135
26/06/2018 16:45,118,149.8374391,152.1646917,148.3322672
26/06/2018 16:50,113,144.8136842,149.7886586,145.3446548
26/06/2018 16:55,113,141.1195195,142.2688162,136.268722
26/06/2018 17:00,109,131.7475057,145.4242599,134.2356196
26/06/2018 17:05,109,126.6691029,135.9234834,120.9814119
26/06/2018 17:10,108,112.3515952,138.1626737,119.9640913
26/06/2018 17:15,107,108.2775146,129.3816042,115.9060703
26/06/2018 17:20,106,104.0612304,119.5588362,110.8688716
26/06/2018 17:25,107,101.1495847,121.6958249,110.8688716
26/06/2018 17:30,107,101.3303983,112.3994446,106.8776586
26/06/2018 17:35,106,102.5654835,114.8015034,106.8776586
26/06/2018 17:40,106,101.924082,108.885839,105.8862939
26/06/2018 17:45,102,102.9741406,108.3070844,104.8977621
26/06/2018 17:50,103,103.982389,109.1205299,103.9121906
26/06/2018 17:55,100,103.0336702,104.2190868,104.8977621
26/06/2018 18:00,97,105.4488468,104.3942994,104.8977621
26/06/2018 18:05,98,105.8368504,103.7576324,103.9121906
26/06/2018 18:10,96,105.6993198,106.2882948,103.9121906
26/06/2018 18:15,94,105.9827268,106.1835569,100.0020368
26/06/2018 18:20,94,102.051087,103.3871096,100.9745044
26/06/2018 18:25,94,100.7930475,102.5297332,98.0679884
26/06/2018 18:30,93,97.52217472,101.2805074,95.19596863
26/06/2018 18:35,95,93.82730722,102.0147347,96.14927308
26/06/2018 18:40,95,93.62613857,99.15768802,94.24685968
26/06/2018 18:45,94,93.2667172,96.23149812,92.36170271
26/06/2018 18:50,94,90.52464366,98.75809193,92.36170271
26/06/2018 18:55,93,91.35546923,91.70933425,92.36170271
26/06/2018 19:00,92,92.29997516,93.09585989,91.42588956
26/06/2018 19:05,92,91.06667697,91.76158965,93.30206507
26/06/2018 19:10,92,94.05564249,90.45081735,93.30206507
26/06/2018 19:15,91,95.77829659,92.31730938,92.36170271
26/06/2018 19:20,86,95.16641498,93.27221632,92.36170271
26/06/2018 19:25,85,94.94562507,90.87769985,91.42588956
26/06/2018 19:30,85,93.91041458,92.88249373,90.49474155
26/06/2018 19:35,86,91.38298631,93.07999611,90.49474155
26/06/2018 19:40,86,90.90795279,91.92707121,90.49474155
26/06/2018 19:45,86,91.20384693,92.70043612,89.56837363
26/06/2018 19:50,85,90.34926534,90.27821898,85.01218386
26/06/2018 19:55,85,85.58645129,90.04221559,84.11685022
26/06/2018 20:00,87,82.75469482,94.70929742,84.11685022
26/06/2018 20:05,89,81.21743977,86.88549221,85.01218386
26/06/2018 20:10,89,82.07336485,84.74816144,85.01218386
26/06/2018 20:15,89,83.85805666,84.69564617,85.01218386
26/06/2018 20:20,89,86.89475715,87.54810214,84.11685022
26/06/2018 20:25,89,86.44300938,89.97842729,84.11685022
26/06/2018 20:30,91,85.84745169,86.55804932,85.91296456
26/06/2018 20:35,93,87.09938347,85.65269113,87.73043255
26/06/2018 20:40,93,89.95102763,84.31720972,87.73043255
26/06/2018 20:45,94,91.41727805,89.39537287,87.73043255
26/06/2018 20:50,97,92.41936564,84.45247054,87.73043255
26/06/2018 20:55,97,92.12126791,89.34854031,87.73043255
26/06/2018 21:00,99,90.73086917,86.85662746,89.56837363
26/06/2018 21:05,97,91.67951226,88.31859231,91.42588956
26/06/2018 21:10,96,94.56643045,91.38828814,91.42588956
26/06/2018 21:15,96,95.86416304,93.060745,92.36170271
26/06/2018 21:20,97,97.3403573,91.14044964,95.19596863
26/06/2018 21:25,97,100.510096,91.79273367,95.19596863
26/06/2018 21:30,94,100.6319922,94.20430958,97.10665322
26/06/2018 21:35,93,102.2494626,94.46189642,95.19596863
26/06/2018 21:40,91,100.9815204,97.00182557,94.24685968
26/06/2018 21:45,93,98.46800864,96.67781591,94.24685968
26/06/2018 21:50,91,96.06096208,96.43934608,95.19596863
26/06/2018 21:55,91,96.47751927,97.75507152,95.19596863
26/06/2018 22:00,91,96.18391633,93.74882162,92.36170271
26/06/2018 22:05,91,94.58260775,92.93062627,91.42588956
26/06/2018 22:10,91,92.82104254,93.30763578,89.56837363
26/06/2018 22:15,90,89.5591718,93.56207907,91.42588956
26/06/2018 22:20,90,89.90161419,93.85233045,89.56837363
26/06/2018 22:25,90,88.82247388,95.31894624,89.56837363
26/06/2018 22:30,89,90.10431468,88.08970034,89.56837363
26/06/2018 22:35,89,90.59417188,92.12088704,89.56837363
26/06/2018 22:40,89,91.27355874,92.23185718,89.56837363
26/06/2018 22:45,89,90.55393934,87.4767375,88.64689969
26/06/2018 22:50,90,90.60732782,91.33789062,88.64689969
26/06/2018 22:55,90,90.17242968,89.0982151,88.64689969
26/06/2018 23:00,89,89.95857358,89.70698595,87.73043255
26/06/2018 23:05,87,88.93561244,88.43419015,87.73043255
26/06/2018 23:10,87,88.67149174,88.74644756,87.73043255
26/06/2018 23:15,88,88.98840427,91.89508498,87.73043255
26/06/2018 23:20,90,88.97049904,89.57951725,88.64689969
26/06/2018 23:25,88,90.14057338,90.4183495,88.64689969
26/06/2018 23:30,87,91.10929012,86.36735559,87.73043255
26/06/2018 23:35,90,90.31526923,88.99995148,85.91296456
26/06/2018 23:40,90,87.89294362,90.39533079,85.91296456
26/06/2018 23:45,88,86.6463387,87.94053793,86.81908396
26/06/2018 23:50,88,86.66801691,85.63356221,88.64689969
26/06/2018 23:55,88,89.23686028,88.50713432,86.81908396
27/06/2018 00:00,88,89.17635858,87.75716841,85.91296456
27/06/2018 00:05,89,88.81771207,88.62291276,88.64689969
27/06/2018 00:10,88,90.83659351,88.35901618,88.64689969
27/06/2018 00:15,87,91.0172224,85.79952478,86.81908396
27/06/2018 00:20,87,88.90566885,90.80027401,86.81908396
27/06/2018 00:25,87,89.33141589,91.06375098,86.81908396
27/06/2018 00:30,86,88.9244467,85.95712662,86.81908396
27/06/2018 00:35,86,87.29611039,89.33542907,87.73043255
27/06/2018 00:40,86,88.63699019,87.12575555,86.81908396
27/06/2018 00:45,87,89.12336648,90.93818069,85.91296456
27/06/2018 00:50,86,87.91036427,89.42107201,85.91296456
27/06/2018 00:55,86,87.27751374,88.22959125,85.91296456
27/06/2018 01:00,85,86.87520385,89.31185663,85.01218386
27/06/2018 01:05,83,85.49003601,85.53979278,85.01218386
27/06/2018 01:10,83,85.75996637,86.63458705,85.01218386
27/06/2018 01:15,83,86.07326508,84.29675937,85.91296456
27/06/2018 01:20,83,87.05126464,85.14758706,85.01218386
27/06/2018 01:25,83,86.65252507,89.75361347,85.01218386
27/06/2018 01:30,83,86.96539938,88.03646147,84.11685022
27/06/2018 01:35,84,85.76813638,85.70427656,82.34295164
27/06/2018 01:40,84,83.16432953,85.26957154,82.34295164
27/06/2018 01:45,84,81.71940982,84.96737957,82.34295164
27/06/2018 01:50,84,81.79092467,84.21512365,82.34295164
27/06/2018 01:55,84,81.92361355,86.38471901,82.34295164
27/06/2018 02:00,84,82.78152764,82.18455195,82.34295164
27/06/2018 02:05,83,83.83789182,83.47904325,83.22707081
27/06/2018 02:10,83,84.83180225,80.98396897,83.22707081
27/06/2018 02:15,83,85.26377916,82.80858934,83.22707081
27/06/2018 02:20,82,85.48095763,84.95462596,83.22707081
27/06/2018 02:25,82,85.49815476,84.55635011,83.22707081
27/06/2018 02:30,83,85.33547997,83.25457156,83.22707081
27/06/2018 02:35,83,84.80952442,85.76174259,82.34295164
27/06/2018 02:40,83,83.8149792,84.1619128,82.34295164
27/06/2018 02:45,83,83.38287473,83.42098534,82.34295164
27/06/2018 02:50,83,83.16300035,84.7649616,81.46459747
27/06/2018 02:55,83,82.15382397,84.21708882,81.46459747
27/06/2018 03:00,83,81.88578963,85.84867835,82.34295164
27/06/2018 03:05,83,83.1882304,83.19608033,82.34295164
27/06/2018 03:10,83,83.60001504,86.32377505,82.34295164
27/06/2018 03:15,83,83.98088038,82.90384412,82.34295164
27/06/2018 03:20,83,84.53129351,86.58864141,82.34295164
27/06/2018 03:25,83,84.36236978,86.52245402,82.34295164
27/06/2018 03:30,82,83.83789182,83.57376158,82.34295164
27/06/2018 03:35,83,83.83789182,83.4242332,82.34295164
27/06/2018 03:40,83,83.83789182,84.43172574,82.34295164
27/06/2018 03:45,83,83.83789182,83.00593555,82.34295164
27/06/2018 03:50,83,83.83789182,85.15605211,82.34295164
27/06/2018 03:55,82,83.83789182,84.04582441,82.34295164
27/06/2018 04:00,82,83.83789182,84.51203942,81.46459747
27/06/2018 04:05,82,82.84565151,83.94674242,82.34295164
27/06/2018 04:10,82,83.40507507,84.52318847,82.34295164
27/06/2018 04:15,82,83.6203295,81.17357194,82.34295164
27/06/2018 04:20,82,83.82041335,83.9387691,82.34295164
27/06/2018 04:25,83,84.0031606,82.91356027,81.46459747
27/06/2018 04:30,83,83.37010562,82.61528015,81.46459747
27/06/2018 04:35,83,82.41389632,85.74507713,81.46459747
27/06/2018 04:40,83,82.1966356,84.25829053,81.46459747
27/06/2018 04:45,83,82.18072653,83.35143983,81.46459747
27/06/2018 04:50,83,82.33941734,83.55801046,81.46459747
27/06/2018 04:55,83,82.86705613,83.38876307,82.34295164
27/06/2018 05:00,83,83.85862887,87.27798343,82.34295164
27/06/2018 05:05,83,84.29083049,83.37056279,82.34295164
27/06/2018 05:10,84,84.5137614,81.76872134,82.34295164
27/06/2018 05:15,85,84.53129351,83.9840132,82.34295164
27/06/2018 05:20,86,84.36236978,89.12537277,82.34295164
27/06/2018 05:25,85,83.83789182,81.85936034,82.34295164
27/06/2018 05:30,85,83.83789182,83.42441678,82.34295164
27/06/2018 05:35,85,83.83789182,84.19543743,82.34295164
27/06/2018 05:40,85,83.83789182,82.57396698,83.22707081
27/06/2018 05:45,85,84.83180225,83.04018319,84.11685022
27/06/2018 05:50,84,86.26034558,82.31734335,85.01218386
27/06/2018 05:55,84,87.90706515,83.7212038,84.11685022
27/06/2018 06:00,83,87.57570922,89.56915498,84.11685022
27/06/2018 06:05,83,87.21336901,85.45213401,84.11685022
27/06/2018 06:10,83,86.32852316,83.95851672,84.11685022
27/06/2018 06:15,83,85.61309159,87.31811285,84.11685022
27/06/2018 06:20,83,85.24678946,88.34226608,83.22707081
27/06/2018 06:25,83,84.78044868,86.90416217,83.22707081
27/06/2018 06:30,83,84.35046315,85.10947645,82.34295164
27/06/2018 06:35,83,83.1374526,85.58165431,82.34295164
27/06/2018 06:40,83,82.68560529,84.53643739,82.34295164
27/06/2018 06:45,83,82.63882875,84.23775196,82.34295164
27/06/2018 06:50,83,83.14600885,82.93219209,82.34295164
27/06/2018 06:55,82,83.31071436,82.4450767,82.34295164
27/06/2018 07:00,83,83.83789182,83.57294679,82.34295164
27/06/2018 07:05,85,83.83789182,83.78450692,82.34295164
27/06/2018 07:10,85,83.83789182,84.45182443,82.34295164
27/06/2018 07:15,84,83.83789182,83.53805542,82.34295164
27/06/2018 07:20,86,83.83789182,85.66327155,82.34295164
27/06/2018 07:25,88,83.83789182,82.78454065,81.46459747
27/06/2018 07:30,87,82.84565151,86.29867077,82.34295164
27/06/2018 07:35,90,83.40507507,83.21763992,84.11685022
27/06/2018 07:40,92,85.61057448,81.46588147,84.11685022
27/06/2018 07:45,90,86.67082787,82.67455459,83.22707081
27/06/2018 07:50,90,86.29417717,84.88151133,85.01218386
27/06/2018 07:55,90,88.25520396,85.32647908,86.81908396
27/06/2018 08:00,94,90.04886746,90.01016736,85.91296456
27/06/2018 08:05,96,89.27221298,84.58326638,88.64689969
27/06/2018 08:10,99,92.48381615,87.20211267,90.49474155
27/06/2018 08:15,100,95.82698703,91.16513789,88.64689969
27/06/2018 08:20,104,93.90742362,87.34634757,88.64689969
27/06/2018 08:25,109,92.63863683,90.17561078,88.64689969
27/06/2018 08:30,113,92.27241218,89.7499305,92.36170271
27/06/2018 08:35,116,94.33231413,92.3220855,94.24685968
27/06/2018 08:40,116,97.38032758,89.79070723,97.10665322
27/06/2018 08:45,118,103.2054716,91.4454788,98.0679884
27/06/2018 08:50,119,106.0315669,94.363873,101.9504359
27/06/2018 08:55,122,110.5110216,97.07366526,106.8776586
27/06/2018 09:00,126,115.1242197,98.94867361,110.8688716
27/06/2018 09:05,127,120.6142008,105.3054357,113.8856849
27/06/2018 09:10,132,124.7181451,104.761306,113.8856849
27/06/2018 09:15,138,125.7064331,109.3409657,115.9060703
27/06/2018 09:20,139,125.4105377,113.0625439,116.9186189
27/06/2018 09:25,139,124.0316367,110.0367534,119.9640913
27/06/2018 09:30,138,125.247395,118.6027348,124.0379846
27/06/2018 09:35,137,129.1935515,115.6802893,125.0579306
27/06/2018 09:40,139,132.1555018,116.4198595,130.1597526
27/06/2018 09:45,139,137.0803821,122.3042679,136.268722
27/06/2018 09:50,136,144.1667461,127.8748679,137.2835947
27/06/2018 09:55,138,146.4347994,126.8997765,137.2835947
27/06/2018 10:00,134,145.9653914,135.6746566,136.268722
27/06/2018 10:05,140,144.0132821,132.4223566,135.2526855
27/06/2018 10:10,140,139.2755592,136.8123221,137.2835947
27/06/2018 10:15,140,137.5971425,132.2969627,137.2835947
27/06/2018 10:20,139,137.7642262,134.2269206,134.2356196
27/06/2018 10:25,141,135.4567111,133.5305119,136.268722
27/06/2018 10:30,145,136.7614949,134.2632401,132.1989372
27/06/2018 10:35,149,133.3572018,132.8759742,138.2971695
27/06/2018 10:40,152,136.7170191,129.9175763,138.2971695
27/06/2018 10:45,153,139.0413415,135.5834985,138.2971695
27/06/2018 10:50,153,141.1118495,135.4349709,137.2835947
27/06/2018 10:55,153,140.0898957,137.6658309,139.3093127
27/06/2018 11:00,154,142.3696852,132.2025716,143.3409038
27/06/2018 11:05,156,143.941462,136.1016965,147.3389723
27/06/2018 11:10,151,149.5354462,138.9274526,150.3104809
27/06/2018 11:15,149,154.7843683,139.9501443,151.2951424
27/06/2018 11:20,155,157.816484,148.5017133,151.2951424
27/06/2018 11:25,153,157.2944081,150.4811001,151.2951424
27/06/2018 11:30,152,155.1473176,148.8066268,152.2766696
27/06/2018 11:35,149,153.8492608,150.5396986,154.2298135
27/06/2018 11:40,149,154.5647001,150.7458901,149.322813
27/06/2018 11:45,147,150.7519376,140.6363392,147.3389723
27/06/2018 11:50,146,147.3757124,144.0350282,153.2549355
27/06/2018 11:55,149,150.8227813,143.4269512,151.2951424
27/06/2018 12:00,151,150.2833331,151.6644979,150.3104809
27/06/2018 12:05,157,149.6116149,144.8604405,147.3389723
27/06/2018 12:10,158,148.7335038,143.8706601,147.3389723
27/06/2018 12:15,161,147.1953833,137.5387168,145.3446548
27/06/2018 12:20,162,142.6587749,143.6444008,144.343893
27/06/2018 12:25,162,141.8403876,142.9612303,147.3389723
27/06/2018 12:30,165,144.6479297,143.7780237,149.322813
27/06/2018 12:35,165,148.6669517,133.235445,155.201178
27/06/2018 12:40,168,155.5151939,144.3617797,156.1689038
27/06/2018 12:45,167,160.2104974,151.9062269,159.0490113
27/06/2018 12:50,164,164.1927242,152.1557617,160.0009483
27/06/2018 12:55,157,164.9259377,149.8133469,160.0009483
27/06/2018 13:00,155,164.089855,152.1921492,162.8307705
27/06/2018 13:05,153,164.1992033,154.6585965,162.8307705
27/06/2018 13:10,153,164.5204961,158.9611351,165.6191182
27/06/2018 13:15,152,166.1200833,160.2023494,164.6944725
27/06/2018 13:20,150,166.155448,160.9361315,161.8919475
27/06/2018 13:25,147,163.4236538,159.8627114,155.201178
27/06/2018 13:30,147,155.2131057,159.3283081,153.2549355
27/06/2018 13:35,144,149.8345518,157.5335181,151.2951424
27/06/2018 13:40,143,145.0350428,143.5384476,151.2951424
27/06/2018 13:45,147,144.4978392,149.4000328,150.3104809
27/06/2018 13:50,148,145.3730202,146.5682805,148.3322672
27/06/2018 13:55,148,146.1783409,149.9494803,145.3446548
27/06/2018 14:00,145,143.6287785,130.2517056,145.3446548
27/06/2018 14:05,147,142.8465462,145.1356006,142.3358189
27/06/2018 14:10,146,139.6748173,141.1051607,141.3287704
27/06/2018 14:15,145,138.1852639,142.8106463,145.3446548
27/06/2018 14:20,148,142.1772552,141.3010836,146.3430582
27/06/2018 14:25,150,145.7394564,139.2505825,146.3430582
27/06/2018 14:30,150,147.33271,144.3285275,143.3409038
27/06/2018 14:35,154,146.3679659,136.0531366,145.3446548
27/06/2018 14:40,154,146.7736769,136.3148463,144.343893
27/06/2018 14:45,155,144.2435348,143.9536119,143.3409038
27/06/2018 14:50,159,142.7841771,145.0528216,146.3430582
27/06/2018 14:55,158,145.4406917,143.4488225,148.3322672
27/06/2018 15:00,158,149.2115986,141.7391145,148.3322672
27/06/2018 15:05,164,149.8396158,135.363791,152.2766696
27/06/2018 15:10,166,154.374814,143.6175334,152.2766696
27/06/2018 15:15,171,155.9844661,150.4856491,153.2549355
27/06/2018 15:20,172,155.9549594,147.7912271,157.1328668
27/06/2018 15:25,172,159.0111911,147.5974977,156.1689038
27/06/2018 15:30,170,159.2931139,148.7990451,156.1689038
27/06/2018 15:35,166,157.978003,150.1251781,161.8919475
27/06/2018 15:40,165,162.7317858,147.6394475,163.7649846
27/06/2018 15:45,161,165.6381798,154.232769,168.3628549
27/06/2018 15:50,160,169.9438107,155.5849183,169.2669902
27/06/2018 15:55,165,173.502562,162.9506612,169.2669902
27/06/2018 16:00,164,173.8781857,163.5706663,167.453423
27/06/2018 16:05,163,170.0222349,163.2167768,163.7649846
27/06/2018 16:10,163,164.6873355,164.8758042,162.8307705
27/06/2018 16:15,164,160.0955105,153.9273214,159.0490113
27/06/2018 16:20,162,155.3315723,156.2763083,158.0929435
27/06/2018 16:25,159,152.9624557,150.0348604,162.8307705
27/06/2018 16:30,153,157.2420406,154.1038084,161.8919475
27/06/2018 16:35,155,159.669615,149.893539,160.9486338
27/06/2018 16:40,141,160.2737272,155.1285183,160.9486338
27/06/2018 16:45,139,161.539923,158.8901591,161.8919475
27/06/2018 16:50,138,161.8045509,153.999579,160.0009483
27/06/2018 16:55,138,158.7508893,156.363976,157.1328668
27/06/2018 17:00,137,156.174221,149.3176699,151.2951424
27/06/2018 17:05,136,149.9101901,153.5615695,153.2549355
27/06/2018 17:10,140,148.563056,146.420362,139.3093127
27/06/2018 17:15,138,135.4704583,146.375469,137.2835947
27/06/2018 17:20,136,129.4256246,144.7738981,136.268722
27/06/2018 17:25,134,127.2660434,142.5719082,136.268722
27/06/2018 17:30,132,128.2311523,136.3723397,135.2526855
27/06/2018 17:35,125,128.4923089,134.9167681,134.2356196
27/06/2018 17:40,125,133.398459,134.9091208,138.2971695
27/06/2018 17:45,122,137.60517,132.7545834,136.268722
27/06/2018 17:50,112,137.6400518,132.4743986,134.2356196
27/06/2018 17:55,108,135.822041,133.1330264,132.1989372
27/06/2018 18:00,104,133.4322119,137.1910381,130.1597526
27/06/2018 18:05,102,130.0449479,130.4350138,123.0184931
27/06/2018 18:10,99,120.4641521,131.5526354,123.0184931
27/06/2018 18:15,98,118.3167815,126.2216282,119.9640913
27/06/2018 18:20,99,115.2040064,122.4624938,109.867464
27/06/2018 18:25,99,104.9816084,118.6258423,105.8862939
27/06/2018 18:30,98,98.23236942,115.6146204,101.9504359
27/06/2018 18:35,96,93.71285677,112.6830131,100.0020368
27/06/2018 18:40,93,89.44770932,108.6069721,97.10665322
27/06/2018 18:45,91,87.84087777,102.6301038,96.14927308
27/06/2018 18:50,90,90.78033924,100.9648353,97.10665322
27/06/2018 18:55,90,93.45821857,98.60824287,97.10665322
27/06/2018 19:00,89,96.061185,99.22466159,96.14927308
27/06/2018 19:05,88,96.81154668,99.82519507,94.24685968
27/06/2018 19:10,88,96.12484038,95.13887107,91.42588956
27/06/2018 19:15,87,92.36270845,97.24897385,89.56837363
27/06/2018 19:20,89,88.07315648,93.97618055,88.64689969
27/06/2018 19:25,88,85.69112659,91.11118972,88.64689969
27/06/2018 19:30,87,85.6451267,92.63745904,87.73043255
27/06/2018 19:35,87,85.95955014,88.9598906,86.81908396
27/06/2018 19:40,87,86.43635988,90.74914813,86.81908396
27/06/2018 19:45,87,87.01885343,87.70427585,85.91296456
27/06/2018 19:50,87,86.31401896,91.95415616,87.73043255
27/06/2018 19:55,87,88.0357641,86.24607027,86.81908396
27/06/2018 20:00,89,88.38246882,88.85193467,85.91296456
27/06/2018 20:05,87,87.88742661,87.62822151,85.91296456
27/06/2018 20:10,87,87.44275153,89.34851468,85.91296456
27/06/2018 20:15,87,87.40669966,90.59022427,85.91296456
27/06/2018 20:20,87,86.49094403,86.76141858,85.91296456
27/06/2018 20:25,90,87.18948901,89.69253957,85.91296456
27/06/2018 20:30,94,87.72345901,89.15608108,87.73043255
27/06/2018 20:35,93,89.72841263,84.08346236,85.91296456
27/06/2018 20:40,93,88.58016491,89.94079888,85.91296456
27/06/2018 20:45,92,88.15031588,87.89138913,85.91296456
27/06/2018 20:50,93,87.75765598,87.07657754,85.91296456
27/06/2018 20:55,94,87.38978982,86.34430945,88.64689969
27/06/2018 21:00,93,89.67164576,86.89839244,92.36170271
27/06/2018 21:05,92,96.06937945,86.21728003,91.42588956
27/06/2018 21:10,93,97.44191289,90.65264761,91.42588956
27/06/2018 21:15,95,97.92172909,93.5530746,90.49474155
27/06/2018 21:20,95,96.26812041,91.95311248,91.42588956
27/06/2018 21:25,95,94.55412388,92.87003577,92.36170271
27/06/2018 21:30,94,93.83511364,91.86211705,91.42588956
27/06/2018 21:35,92,93.9793551,91.54983401,90.49474155
27/06/2018 21:40,91,92.93786705,92.60877669,91.42588956
27/06/2018 21:45,91,93.68193984,92.29089141,93.30206507
27/06/2018 21:50,92,95.20335674,89.44382071,93.30206507
27/06/2018 21:55,90,95.90662122,94.27052677,93.30206507
27/06/2018 22:00,90,97.05395639,89.97169912,92.36170271
27/06/2018 22:05,89,96.44380569,96.1654222,90.49474155
27/06/2018 22:10,89,93.11373234,93.14294636,89.56837363
27/06/2018 22:15,91,89.96582448,93.21733832,89.56837363
27/06/2018 22:20,87,89.08323824,90.66441834,90.49474155
27/06/2018 22:25,87,90.00778854,90.17453849,88.64689969
27/06/2018 22:30,87,89.27735269,93.79346728,88.64689969
27/06/2018 22:35,84,89.85903203,91.21737063,87.73043255
27/06/2018 22:40,83,88.97604525,89.14084435,87.73043255
27/06/2018 22:45,81,88.33218157,90.32825947,89.56837363
27/06/2018 22:50,82,89.9363184,89.75091636,85.91296456
27/06/2018 22:55,82,87.81816185,88.7961638,85.91296456
27/06/2018 23:00,82,86.69643283,88.19030643,85.91296456
27/06/2018 23:05,81,86.39800072,87.99459159,83.22707081
27/06/2018 23:10,81,82.98790514,87.07104206,82.34295164
27/06/2018 23:15,80,80.31530619,87.01455295,80.59211186
27/06/2018 23:20,80,79.37111616,85.36877692,81.46459747
27/06/2018 23:25,80,79.22662854,81.44198358,81.46459747
27/06/2018 23:30,80,79.69777822,79.77734089,81.46459747
27/06/2018 23:35,80,81.62929595,81.39088213,80.59211186
27/06/2018 23:40,80,81.51533425,83.74985158,80.59211186
27/06/2018 23:45,80,81.97706997,83.37504447,79.72559709
27/06/2018 23:50,79,80.2413249,84.8919332,79.72559709
27/06/2018 23:55,79,79.80104983,80.29699743,79.72559709
28/06/2018 00:00,78,79.73992527,80.64737737,79.72559709
28/06/2018 00:05,79,80.24421573,87.14372516,79.72559709
28/06/2018 00:10,79,80.40976942,80.722211,79.72559709
28/06/2018 00:15,79,80.93312323,81.63799882,79.72559709
28/06/2018 00:20,79,80.93312323,84.70947385,78.86515418
28/06/2018 00:25,79,79.94875014,81.61881089,78.86515418
28/06/2018 00:30,78,79.52334166,81.30254686,78.01088287
28/06/2018 00:35,78,78.31891119,81.0439837,78.86515418
28/06/2018 00:40,78,78.85068238,79.71406937,78.86515418
28/06/2018 00:45,78,79.2197454,80.07334471,78.86515418
28/06/2018 00:50,79,79.94598746,81.27459884,78.86515418
28/06/2018 00:55,80,80.12473345,78.73461068,78.86515418
28/06/2018 01:00,80,80.49078047,85.34284651,78.01088287
28/06/2018 01:05,80,78.98297548,81.78938687,78.01088287
28/06/2018 01:10,80,78.55826914,79.07799423,78.01088287
28/06/2018 01:15,80,78.33564997,80.63088179,78.01088287
28/06/2018 01:20,80,78.31764281,81.662727,78.86515418
28/06/2018 01:25,80,79.46211815,76.3977921,79.72559709
28/06/2018 01:30,80,81.39639854,81.24950349,79.72559709
28/06/2018 01:35,80,82.04907358,82.11398661,79.72559709
28/06/2018 01:40,80,82.28707075,79.72744226,79.72559709
28/06/2018 01:45,79,82.14096129,80.03679693,79.72559709
28/06/2018 01:50,79,81.45676255,81.13289237,79.72559709
28/06/2018 01:55,79,80.93312323,80.1793772,79.72559709
28/06/2018 02:00,79,80.93312323,82.03447223,79.72559709
28/06/2018 02:05,79,80.93312323,80.60999811,79.72559709
28/06/2018 02:10,79,80.93312323,81.04735792,79.72559709
28/06/2018 02:15,79,80.93312323,82.10020125,78.86515418
28/06/2018 02:20,81,79.94875014,79.92118239,78.86515418
28/06/2018 02:25,82,79.52334166,77.4537915,78.86515418
28/06/2018 02:30,82,79.30052936,78.75928044,78.86515418
28/06/2018 02:35,82,79.28304434,82.00974464,78.86515418
28/06/2018 02:40,82,79.4444257,83.3780092,78.86515418
28/06/2018 02:45,82,79.96456504,78.53308678,78.86515418
28/06/2018 02:50,82,79.96456504,76.83901906,80.59211186
28/06/2018 02:55,82,81.93422556,80.73826075,81.46459747
28/06/2018 03:00,82,83.78776968,82.71097958,81.46459747
28/06/2018 03:05,82,84.65259254,82.40037143,81.46459747
28/06/2018 03:10,82,84.91326749,83.36120069,81.46459747
28/06/2018 03:15,82,84.6074146,85.00357389,81.46459747
28/06/2018 03:20,82,83.39275897,79.20381963,81.46459747
28/06/2018 03:25,82,82.86705613,81.36146367,81.46459747
28/06/2018 03:30,82,82.86705613,82.88739502,81.46459747
28/06/2018 03:35,81,82.86705613,85.39533556,81.46459747
28/06/2018 03:40,81,82.86705613,81.1977154,81.46459747
28/06/2018 03:45,81,82.86705613,83.44536901,81.46459747
28/06/2018 03:50,81,82.86705613,81.73093736,81.46459747
28/06/2018 03:55,81,82.86705613,82.03705668,81.46459747
28/06/2018 04:00,81,82.86705613,83.30299139,81.46459747
28/06/2018 04:05,81,82.86705613,82.21462548,80.59211186
28/06/2018 04:10,81,81.87728584,82.43394256,80.59211186
28/06/2018 04:15,81,81.45124853,82.83934057,80.59211186
28/06/2018 04:20,81,81.22858465,81.5979284,80.59211186
28/06/2018 04:25,81,81.21234417,83.59317064,80.59211186
28/06/2018 04:30,81,81.37417555,85.5817908,80.59211186
28/06/2018 04:35,81,81.90067291,78.61166716,80.59211186
28/06/2018 04:40,81,81.90067291,80.88552892,80.59211186
28/06/2018 04:45,81,81.90067291,79.95370328,80.59211186
28/06/2018 04:50,80,81.90067291,84.26391602,80.59211186
28/06/2018 04:55,80,81.90067291,78.79518986,80.59211186
28/06/2018 05:00,80,81.90067291,83.52516592,80.59211186
28/06/2018 05:05,80,81.90067291,76.77422225,80.59211186
28/06/2018 05:10,80,81.90067291,83.93901348,80.59211186
28/06/2018 05:15,80,81.90067291,81.17863238,80.59211186
28/06/2018 05:20,80,81.90067291,79.27867472,79.72559709
28/06/2018 05:25,81,80.91357112,82.27170467,79.72559709
28/06/2018 05:30,81,80.48454404,80.31332433,79.72559709
28/06/2018 05:35,81,80.26669085,81.18520677,79.72559709
28/06/2018 05:40,81,80.24421573,78.77868533,79.72559709
28/06/2018 05:45,81,80.40976942,83.15700471,79.72559709
28/06/2018 05:50,81,80.93312323,79.85165894,79.72559709
28/06/2018 05:55,81,80.93312323,83.95251572,80.59211186
28/06/2018 06:00,81,81.91957593,80.48232913,80.59211186
28/06/2018 06:05,80,82.35009909,80.49618602,80.59211186
28/06/2018 06:10,79,82.56775141,80.79496741,80.59211186
28/06/2018 06:15,80,82.58462667,82.11234093,80.59211186
28/06/2018 06:20,80,82.42629409,83.03425789,80.59211186
28/06/2018 06:25,80,81.90067291,80.94599009,80.59211186
28/06/2018 06:30,81,81.90067291,85.99826813,80.59211186
28/06/2018 06:35,81,81.90067291,80.7416296,79.72559709
28/06/2018 06:40,82,80.91357112,84.81795788,78.86515418
28/06/2018 06:45,82,79.50056851,80.47855377,79.72559709
28/06/2018 06:50,82,79.83659685,81.60600722,79.72559709
28/06/2018 06:55,83,80.02728224,81.98472619,79.72559709
28/06/2018 07:00,83,80.39161921,81.35288954,80.59211186
28/06/2018 07:05,85,82.0824492,81.93879664,80.59211186
28/06/2018 07:10,85,82.87228942,83.77333045,81.46459747
28/06/2018 07:15,83,83.55673492,82.35882223,81.46459747
28/06/2018 07:20,85,84.00716245,82.60286272,81.46459747
28/06/2018 07:25,86,84.06400323,85.25662839,82.34295164
28/06/2018 07:30,89,84.54974711,84.42693174,82.34295164
28/06/2018 07:35,93,84.81853604,85.55995107,84.11685022
28/06/2018 07:40,94,86.50283873,82.01044977,84.11685022
28/06/2018 07:45,95,87.38016844,84.22325194,82.34295164
28/06/2018 07:50,96,85.66481948,83.86382699,84.11685022
28/06/2018 07:55,96,86.30284071,85.28625786,85.01218386
28/06/2018 08:00,97,87.39562929,84.87076461,87.73043255
28/06/2018 08:05,99,90.17488241,85.73831081,91.42588956
28/06/2018 08:10,103,96.09188676,84.79123294,92.36170271
28/06/2018 08:15,104,100.2357155,90.70379198,93.30206507
28/06/2018 08:20,110,101.3736337,91.89611197,94.24685968
28/06/2018 08:25,110,102.0799893,91.68197811,94.24685968
28/06/2018 08:30,112,100.472905,91.36150122,95.19596863
28/06/2018 08:35,114,99.42577362,89.40132856,97.10665322
28/06/2018 08:40,114,101.2055093,94.57174063,100.9745044
28/06/2018 08:45,115,105.63977,96.64531767,101.9504359
28/06/2018 08:50,117,108.3156323,100.2148569,107.8717278
28/06/2018 08:55,115,115.5097032,100.8705539,107.8717278
28/06/2018 09:00,117,117.5521648,103.2112706,109.867464
28/06/2018 09:05,119,119.0617383,104.3690038,111.872465
28/06/2018 09:10,122,119.7963643,108.2908285,111.872465
28/06/2018 09:15,125,119.4894505,108.0992198,112.8781133
28/06/2018 09:20,130,117.815001,110.8151865,114.895048
28/06/2018 09:25,130,119.9447823,107.0988131,112.8781133
28/06/2018 09:30,130,117.6192939,115.0929928,114.895048
28/06/2018 09:35,131,118.1577098,112.238133,116.9186189
28/06/2018 09:40,134,120.4897046,113.0652034,119.9640913
28/06/2018 09:45,136,123.8283634,111.6829944,123.0184931
28/06/2018 09:50,136,127.8600979,111.7499793,128.1191454
28/06/2018 09:55,138,135.3225434,115.5444705,128.1191454
28/06/2018 10:00,142,136.7481279,121.9608831,128.1191454
28/06/2018 10:05,137,136.2494648,119.8464924,129.1395593
28/06/2018 10:10,137,135.3189766,120.6174183,132.1989372
28/06/2018 10:15,142,136.2784123,130.1332223,134.2356196
28/06/2018 10:20,144,137.230202,127.2116268,134.2356196
28/06/2018 10:25,147,138.664788,125.5925786,136.268722
28/06/2018 10:30,147,140.8301449,131.108551,140.3198907
28/06/2018 10:35,147,144.4486308,131.8181741,135.2526855
28/06/2018 10:40,145,140.055747,132.0346189,135.2526855
28/06/2018 10:45,145,137.8525484,132.8759134,140.3198907
28/06/2018 10:50,146,141.3423479,139.4383299,142.3358189
28/06/2018 10:55,146,143.5654151,139.9298155,145.3446548
28/06/2018 11:00,146,147.0874166,132.357986,145.3446548
28/06/2018 11:05,148,151.0683453,136.2132227,145.3446548
28/06/2018 11:10,150,150.826081,141.7957366,143.3409038
28/06/2018 11:15,148,146.5041733,142.5354552,143.3409038
28/06/2018 11:20,148,144.3229985,140.3767109,144.343893
28/06/2018 11:25,148,143.5568023,141.297884,144.343893
28/06/2018 11:30,146,143.9163363,144.1359055,144.343893
28/06/2018 11:35,140,144.432677,140.3215349,146.3430582
28/06/2018 11:40,140,147.1089458,142.715385,148.3322672
28/06/2018 11:45,140,149.5541739,144.1939378,146.3430582
28/06/2018 11:50,139,148.5054815,145.4680753,146.3430582
28/06/2018 11:55,137,148.1166923,142.3522067,146.3430582
28/06/2018 12:00,134,147.4819911,136.7169476,144.343893
28/06/2018 12:05,136,144.4457972,142.7525282,138.2971695
28/06/2018 12:10,135,137.5723767,139.4641387,138.2971695
28/06/2018 12:15,135,135.5976748,132.6422095,138.2971695
28/06/2018 12:20,136,134.444381,142.2167921,137.2835947
28/06/2018 12:25,136,133.6832178,139.2568743,135.2526855
28/06/2018 12:30,136,133.2360172,130.8807302,132.1989372
28/06/2018 12:35,135,132.0116532,129.4778633,134.2356196
28/06/2018 12:40,130,132.2516632,135.9144819,133.2176586
28/06/2018 12:45,127,131.6987336,131.2681353,133.2176586
28/06/2018 12:50,126,132.3707795,131.9429827,134.2356196
28/06/2018 12:55,124,134.5992768,131.2285888,134.2356196
28/06/2018 13:00,124,136.0385168,130.3718853,134.2356196
28/06/2018 13:05,121,135.4720068,127.8854251,133.2176586
28/06/2018 13:10,121,135.0087881,129.5941967,128.1191454
28/06/2018 13:15,122,129.6087265,132.9509926,125.0579306
28/06/2018 13:20,122,123.9416313,131.6216457,124.0379846
28/06/2018 13:25,118,120.7092893,127.7677929,121.9995906
28/06/2018 13:30,114,117.7871335,128.6017489,121.9995906
28/06/2018 13:35,114,117.9855216,122.5760436,118.947763
28/06/2018 13:40,118,117.4652064,121.5745825,118.947763
28/06/2018 13:45,120,117.7511656,122.7620459,119.9640913
28/06/2018 13:50,121,118.9854002,118.2302499,119.9640913
28/06/2018 13:55,121,120.3244948,117.3189867,115.9060703
28/06/2018 14:00,123,117.0555341,119.4158077,111.872465
28/06/2018 14:05,122,112.8291798,117.6559842,111.872465
28/06/2018 14:10,125,110.1388025,113.8063014,115.9060703
28/06/2018 14:15,123,112.7524221,113.316521,117.932561
28/06/2018 14:20,120,117.0991671,110.2722061,118.947763
28/06/2018 14:25,123,122.4590421,116.5393651,118.947763
28/06/2018 14:30,129,125.4038918,114.855063,120.9814119
28/06/2018 14:35,137,126.9217634,114.8540974,119.9640913
28/06/2018 14:40,137,124.4360518,120.9580851,123.0184931
28/06/2018 14:45,135,126.1776996,115.5727434,120.9814119
28/06/2018 14:50,133,124.845928,115.3083575,117.932561
28/06/2018 14:55,138,121.2248063,121.7821193,120.9814119
28/06/2018 15:00,137,121.7688739,119.1820168,127.0986459
28/06/2018 15:05,139,128.2624876,118.805306,135.2526855
28/06/2018 15:10,146,137.8773963,120.7530963,135.2526855
28/06/2018 15:15,143,144.0211105,123.9870286,133.2176586
28/06/2018 15:20,140,144.7402227,127.6582515,131.1795902
28/06/2018 15:25,140,139.6619272,131.0705209,136.268722
28/06/2018 15:30,137,138.8971388,135.4450822,135.2526855
28/06/2018 15:35,132,135.8796132,130.7306147,137.2835947
28/06/2018 15:40,137,138.5768569,129.3633187,144.343893
28/06/2018 15:45,137,147.0405006,135.870837,141.3287704
28/06/2018 15:50,135,147.6282334,133.9229167,138.2971695
28/06/2018 15:55,137,142.8346205,135.321238,138.2971695
28/06/2018 16:00,136,141.3370788,138.8447452,135.2526855
28/06/2018 16:05,136,135.8296883,139.2778909,130.1597526
28/06/2018 16:10,136,127.1297908,136.6046715,135.2526855
28/06/2018 16:15,132,131.0258472,135.8869565,135.2526855
28/06/2018 16:20,127,133.457464,130.3682351,133.2176586
28/06/2018 16:25,129,132.8893542,129.2783284,135.2526855
28/06/2018 16:30,127,136.2863696,131.1389256,134.2356196
28/06/2018 16:35,127,137.274847,126.6204095,134.2356196
28/06/2018 16:40,126,134.8627245,125.6066346,134.2356196
28/06/2018 16:45,124,135.060147,132.2393811,130.1597526
28/06/2018 16:50,124,131.7926204,131.2572646,125.0579306
28/06/2018 16:55,124,124.5078456,123.4783745,127.0986459
28/06/2018 17:00,126,124.0343058,126.2101638,125.0579306
28/06/2018 17:05,124,121.8810856,129.1506445,125.0579306
28/06/2018 17:10,121,121.9823456,124.7837317,124.0379846
28/06/2018 17:15,123,123.3907509,122.4909699,121.9995906
28/06/2018 17:20,123,122.9925799,119.1264832,121.9995906
28/06/2018 17:25,126,121.3324261,124.6198285,121.9995906
28/06/2018 17:30,122,121.8799329,122.6173735,124.0379846
28/06/2018 17:35,121,123.9707279,124.3789077,121.9995906
28/06/2018 17:40,121,123.6926472,119.5542002,118.947763
28/06/2018 17:45,118,121.2302744,116.3313073,120.9814119
28/06/2018 17:50,115,121.5830719,121.0121202,120.9814119
28/06/2018 17:55,116,121.4646578,119.155156,124.0379846
28/06/2018 18:00,116,124.1058969,121.7381704,119.9640913
28/06/2018 18:05,115,122.9892349,123.1580412,118.947763
28/06/2018 18:10,112,122.0077264,117.4352807,118.947763
28/06/2018 18:15,107,119.8790193,119.0507042,115.9060703
28/06/2018 18:20,107,116.0766888,119.4622457,112.8781133
28/06/2018 18:25,107,110.986383,118.9569914,113.8856849
28/06/2018 18:30,105,112.2316492,112.5691205,113.8856849
28/06/2018 18:35,104,112.4968874,113.7484968,112.8781133
28/06/2018 18:40,100,112.154088,107.8743356,109.867464
28/06/2018 18:45,100,110.7510054,111.4230871,104.8977621
28/06/2018 18:50,100,105.5303931,109.6530443,104.8977621
28/06/2018 18:55,99,102.2334731,110.1792103,104.8977621
28/06/2018 19:00,100,101.3200462,105.9292799,102.9297065
28/06/2018 19:05,99,100.221678,103.858245,101.9504359
28/06/2018 19:10,99,100.7543665,105.6745446,98.0679884
28/06/2018 19:15,98,98.42749357,106.7390656,98.0679884
28/06/2018 19:20,100,96.44514799,103.4217429,98.0679884
28/06/2018 19:25,97,95.93771994,101.9311863,97.10665322
28/06/2018 19:30,93,96.06563926,99.29289639,98.0679884
28/06/2018 19:35,91,97.86557198,97.66589046,97.10665322
28/06/2018 19:40,91,99.17993963,97.03959823,97.10665322
28/06/2018 19:45,91,98.93330395,100.894109,96.14927308
28/06/2018 19:50,89,97.90347576,99.40392673,98.0679884
28/06/2018 19:55,89,99.83140826,99.64511752,95.19596863
28/06/2018 20:00,90,97.08753109,99.75733459,91.42588956
28/06/2018 20:05,88,92.66667187,95.83691239,89.56837363
28/06/2018 20:10,91,88.4940809,95.44194818,89.56837363
28/06/2018 20:15,91,86.90190673,94.81831074,89.56837363
28/06/2018 20:20,92,85.85121751,91.59505188,87.73043255
28/06/2018 20:25,90,86.07452452,92.37151921,87.73043255
28/06/2018 20:30,93,87.67356098,91.74782634,88.64689969
28/06/2018 20:35,92,89.30871129,90.33618867,86.81908396
28/06/2018 20:40,92,87.69679546,86.36130035,89.56837363
28/06/2018 20:45,92,90.39328218,86.79691136,89.56837363
28/06/2018 20:50,91,92.35381544,86.3402015,90.49474155
28/06/2018 20:55,91,93.79344583,90.40541649,88.64689969
28/06/2018 21:00,90,92.0811379,88.55377316,91.42588956
28/06/2018 21:05,88,94.99849916,92.9450798,90.49474155
28/06/2018 21:10,90,93.29739988,90.38764715,90.49474155
28/06/2018 21:15,91,93.29461753,91.71984851,90.49474155
28/06/2018 21:20,92,92.95203567,91.72608256,89.56837363
28/06/2018 21:25,92,92.47264862,91.30168378,89.56837363
28/06/2018 21:30,92,90.61407804,91.78378522,88.64689969
28/06/2018 21:35,94,89.92494404,90.31706989,86.81908396
28/06/2018 21:40,95,87.46497452,91.28213048,88.64689969
28/06/2018 21:45,94,88.55926752,88.88409674,89.56837363
28/06/2018 21:50,94,90.51596165,89.42963839,90.49474155
28/06/2018 21:55,93,92.52446532,88.32984447,90.49474155
28/06/2018 22:00,95,94.07793522,89.95536089,90.49474155
28/06/2018 22:05,95,95.03267586,92.35365808,92.36170271
28/06/2018 22:10,95,95.84120393,91.36347473,93.30206507
28/06/2018 22:15,93,97.02349842,92.39526093,92.36170271
28/06/2018 22:20,92,96.34281635,95.41550934,92.36170271
28/06/2018 22:25,92,96.1585921,90.45812726,91.42588956
28/06/2018 22:30,93,94.61360931,91.99572206,93.30206507
28/06/2018 22:35,93,94.94615436,93.85448277,93.30206507
28/06/2018 22:40,90,95.24229407,94.33424532,93.30206507
28/06/2018 22:45,89,96.17862701,92.17196763,91.42588956
28/06/2018 22:50,86,94.36902821,93.69989455,90.49474155
28/06/2018 22:55,86,92.68168747,94.72221375,90.49474155
28/06/2018 23:00,82,90.75862467,92.20510423,91.42588956
28/06/2018 23:05,83,91.51373029,93.21468532,91.42588956
28/06/2018 23:10,82,92.2739017,92.05444753,88.64689969
28/06/2018 23:15,82,90.6878978,92.99422085,87.73043255
28/06/2018 23:20,82,88.93676162,94.22549665,85.01218386
28/06/2018 23:25,83,84.67645645,90.80322921,85.01218386
28/06/2018 23:30,82,82.58207738,94.29252625,81.46459747
28/06/2018 23:35,81,78.43263388,86.43803835,82.34295164
28/06/2018 23:40,81,79.41528499,83.33870351,81.46459747
28/06/2018 23:45,82,79.00404572,83.60091746,81.46459747
28/06/2018 23:50,83,80.31499565,80.25237441,81.46459747
28/06/2018 23:55,80,80.77145159,83.79579425,82.34295164
29/06/2018 00:00,80,83.69812667,84.80626523,81.46459747
29/06/2018 00:05,82,82.76947379,82.87162364,80.59211186
29/06/2018 00:10,81,82.10083127,81.73161328,80.59211186
29/06/2018 00:15,81,81.4680177,82.73753643,81.46459747
29/06/2018 00:20,81,82.05701888,80.55706501,82.34295164
29/06/2018 00:25,81,83.09441566,81.40678406,79.72559709
29/06/2018 00:30,80,81.46635711,87.85073578,79.72559709
29/06/2018 00:35,78,80.94245553,81.80382073,81.46459747
29/06/2018 00:40,78,82.11310089,83.6328584,80.59211186
29/06/2018 00:45,77,81.23863399,81.08686686,80.59211186
29/06/2018 00:50,77,81.21195495,81.26765907,80.59211186
29/06/2018 00:55,77,82.6059401,82.89673328,80.59211186
29/06/2018 01:00,77,82.261554,83.25396657,79.72559709
29/06/2018 01:05,77,80.38704872,80.47718108,78.01088287
29/06/2018 01:10,77,78.51884186,80.99170446,78.01088287
29/06/2018 01:15,77,77.44442642,80.98539948,77.16288156
29/06/2018 01:20,77,76.00603998,85.20355999,77.16288156
29/06/2018 01:25,77,75.70145547,80.3778708,77.16288156
29/06/2018 01:30,77,76.32281542,78.55624676,77.16288156
29/06/2018 01:35,77,77.35530972,77.57120848,77.16288156
29/06/2018 01:40,77,77.5186497,78.11605096,77.16288156
29/06/2018 01:45,78,78.03714097,77.12059617,77.16288156
29/06/2018 01:50,78,78.03714097,78.40729415,77.16288156
29/06/2018 01:55,78,78.03714097,73.37185383,77.16288156
29/06/2018 02:00,78,78.03714097,79.95201826,77.16288156
29/06/2018 02:05,78,78.03714097,79.59572315,77.16288156
29/06/2018 02:10,78,78.03714097,79.35080409,77.16288156
29/06/2018 02:15,79,78.03714097,80.07129908,78.01088287
29/06/2018 02:20,79,79.01508987,77.22245038,78.01088287
29/06/2018 02:25,79,79.44359124,79.71057951,78.01088287
29/06/2018 02:30,79,79.66446519,76.45750701,78.01088287
29/06/2018 02:35,79,79.68351305,81.78786576,78.01088287
29/06/2018 02:40,79,79.52288508,79.11983728,78.01088287
29/06/2018 02:45,79,79.00355339,79.79236722,78.86515418
29/06/2018 02:50,79,79.98447418,78.52232933,78.86515418
29/06/2018 02:55,79,80.41220307,80.95586002,78.86515418
29/06/2018 03:00,79,80.63134432,78.96200836,78.86515418
29/06/2018 03:05,79,80.65487921,84.00620461,78.86515418
29/06/2018 03:10,79,80.49078047,84.35176849,78.86515418
29/06/2018 03:15,79,79.96456504,79.53592718,78.86515418
29/06/2018 03:20,79,79.96456504,81.04438007,78.86515418
29/06/2018 03:25,79,79.96456504,78.28469813,78.86515418
29/06/2018 03:30,79,79.96456504,81.28416479,78.86515418
29/06/2018 03:35,79,79.96456504,78.13050985,78.86515418
29/06/2018 03:40,79,79.96456504,81.22588575,78.86515418
29/06/2018 03:45,79,79.96456504,83.25996101,78.86515418
29/06/2018 03:50,79,79.96456504,79.41395819,78.86515418
29/06/2018 03:55,79,79.96456504,79.49556351,78.86515418
29/06/2018 04:00,79,79.96456504,79.71052945,78.86515418
29/06/2018 04:05,79,79.96456504,79.5154196,78.86515418
29/06/2018 04:10,79,79.96456504,78.90927494,78.86515418
29/06/2018 04:15,79,79.96456504,77.82246828,78.86515418
29/06/2018 04:20,79,79.96456504,80.99727571,78.86515418
29/06/2018 04:25,79,79.96456504,81.63039327,78.86515418
29/06/2018 04:30,79,79.96456504,84.17288482,78.86515418
29/06/2018 04:35,79,79.96456504,80.14801085,78.86515418
29/06/2018 04:40,79,79.96456504,80.18860638,78.86515418
29/06/2018 04:45,78,79.96456504,80.98780334,78.86515418
29/06/2018 04:50,78,79.96456504,80.78641176,78.86515418
29/06/2018 04:55,78,79.96456504,80.43549895,78.86515418
29/06/2018 05:00,78,79.96456504,80.12056887,78.86515418
29/06/2018 05:05,78,79.96456504,81.96588099,78.86515418
29/06/2018 05:10,78,79.96456504,81.31153226,78.86515418
29/06/2018 05:15,78,79.96456504,78.09205949,78.01088287
29/06/2018 05:20,77,78.98297548,82.36734748,78.01088287
29/06/2018 05:25,77,78.55826914,77.80008495,78.01088287
29/06/2018 05:30,77,78.33564997,80.09753168,78.01088287
29/06/2018 05:35,77,78.31764281,77.81211317,78.01088287
29/06/2018 05:40,77,78.48120093,81.94980264,78.01088287
29/06/2018 05:45,77,79.00355339,79.86284435,78.01088287
29/06/2018 05:50,77,79.00355339,78.42354417,77.16288156
29/06/2018 05:55,77,78.02499533,82.42167354,77.16288156
29/06/2018 06:00,77,77.59745777,79.04405117,77.16288156
29/06/2018 06:05,77,77.37671971,82.05989301,77.16288156
29/06/2018 06:10,77,77.35530972,78.52789462,77.16288156
29/06/2018 06:15,77,77.5186497,78.57816577,77.16288156
29/06/2018 06:20,76,78.03714097,76.87844872,77.16288156
29/06/2018 06:25,76,78.03714097,76.79540038,77.16288156
29/06/2018 06:30,76,78.03714097,75.67055106,77.16288156
29/06/2018 06:35,76,78.03714097,79.82170045,77.16288156
29/06/2018 06:40,77,78.03714097,78.6282438,77.16288156
29/06/2018 06:45,77,78.03714097,78.71849537,77.16288156
29/06/2018 06:50,77,78.03714097,76.70647323,76.32124734
29/06/2018 06:55,77,77.06168771,79.38609302,76.32124734
29/06/2018 07:00,76,76.63665771,78.097471,76.32124734
29/06/2018 07:05,75,76.41469061,76.97104931,76.32124734
29/06/2018 07:10,75,76.39876902,76.55687034,77.16288156
29/06/2018 07:15,76,77.53064096,76.99589014,77.16288156
29/06/2018 07:20,75,78.47485721,77.51428664,77.16288156
29/06/2018 07:25,77,78.69825065,76.85288429,77.16288156
29/06/2018 07:30,79,78.72124374,78.36291134,76.32124734
29/06/2018 07:35,83,77.58588791,77.61305749,75.48607596
29/06/2018 07:40,82,75.66485822,77.73974299,75.48607596
29/06/2018 07:45,83,75.0189209,74.57876086,76.32124734
29/06/2018 07:50,85,75.74599981,75.81524134,75.48607596
29/06/2018 07:55,85,75.3411448,76.21619642,77.16288156
29/06/2018 08:00,85,77.76305437,74.87366796,78.86515418
29/06/2018 08:05,85,80.89007139,76.14108622,82.34295164
29/06/2018 08:10,88,85.96220315,77.32606947,81.46459747
29/06/2018 08:15,88,86.81036353,79.19296145,82.34295164
29/06/2018 08:20,91,88.48795176,79.80009794,84.11685022
29/06/2018 08:25,97,89.40542042,81.39722049,84.11685022
29/06/2018 08:30,96,88.77207577,83.93105805,84.11685022
29/06/2018 08:35,98,87.29089558,84.50960517,84.11685022
29/06/2018 08:40,98,87.69341409,88.69761765,86.81908396
29/06/2018 08:45,99,89.83123004,86.15316749,86.81908396
29/06/2018 08:50,102,90.07777989,85.97859263,89.56837363
29/06/2018 08:55,104,93.73717546,88.2969141,95.19596863
29/06/2018 09:00,105,101.1638373,88.48564625,94.24685968
29/06/2018 09:05,101,102.9044145,89.21340466,96.14927308
29/06/2018 09:10,102,104.2410183,94.80167985,96.14927308
29/06/2018 09:15,108,104.5164752,95.08314967,97.10665322
29/06/2018 09:20,110,103.3087504,96.04735672,100.0020368
29/06/2018 09:25,110,103.8179553,94.59840477,101.9504359
29/06/2018 09:30,116,107.5489426,95.88046074,102.9297065
29/06/2018 09:35,122,109.0270567,103.258515,99.03315706
29/06/2018 09:40,126,105.692898,100.9985799,100.0020368
29/06/2018 09:45,127,104.1733325,99.21055198,105.8862939
29/06/2018 09:50,129,107.9373372,103.2814169,107.8717278
29/06/2018 09:55,129,111.4871991,103.4567016,107.8717278
29/06/2018 10:00,137,113.7873077,104.6688789,113.8856849
29/06/2018 10:05,140,122.2765756,107.2738671,119.9640913
29/06/2018 10:10,140,129.3347859,106.5294337,124.0379846
29/06/2018 10:15,142,133.5901535,113.9990509,125.0579306
29/06/2018 10:20,153,136.569792,119.0089869,127.0986459
29/06/2018 10:25,151,138.8024592,119.9828565,127.0986459
29/06/2018 10:30,149,135.8145118,116.5543354,135.2526855
29/06/2018 10:35,147,140.1430178,122.891227,138.2971695
29/06/2018 10:40,152,144.2800915,128.4876525,138.2971695
29/06/2018 10:45,150,146.219269,132.3925304,140.3198907
29/06/2018 10:50,149,147.8698921,135.0286019,151.2951424
29/06/2018 10:55,149,157.2403955,134.0075934,149.322813
29/06/2018 11:00,146,156.0998225,136.7661762,147.3389723
29/06/2018 11:05,145,154.2161238,134.4208753,145.3446548
29/06/2018 11:10,149,151.2255991,140.5639005,150.3104809
29/06/2018 11:15,149,151.7789209,148.7058473,148.3322672
29/06/2018 11:20,147,147.2258317,142.5545597,147.3389723
29/06/2018 11:25,146,147.5396228,141.142149,147.3389723
29/06/2018 11:30,147,148.0748832,137.902894,144.343893
29/06/2018 11:35,149,145.1986635,145.7368302,143.3409038
29/06/2018 11:40,149,141.2533748,142.7293289,147.3389723
29/06/2018 11:45,147,144.8888838,136.0855448,147.3389723
29/06/2018 11:50,143,146.6828084,141.0843396,145.3446548
29/06/2018 11:55,135,146.0783494,142.7443147,144.343893
29/06/2018 12:00,135,145.9084249,139.2360628,145.3446548
29/06/2018 12:05,132,145.836935,142.4058366,147.3389723
29/06/2018 12:10,128,146.0814214,141.2834132,147.3389723
29/06/2018 12:15,128,147.3740494,139.3656242,145.3446548
29/06/2018 12:20,124,146.9792306,134.9611557,141.3287704
29/06/2018 12:25,124,142.844404,146.9332206,133.2176586
29/06/2018 12:30,122,132.5879037,141.9122434,133.2176586
29/06/2018 12:35,121,127.6446056,133.7523282,130.1597526
29/06/2018 12:40,118,123.4936607,135.3807604,126.078196
29/06/2018 12:45,120,119.6681607,132.5074875,126.078196
29/06/2018 12:50,116,120.4860258,124.1878688,121.9995906
29/06/2018 12:55,115,119.3353188,125.9522772,121.9995906
29/06/2018 13:00,115,118.0488467,126.7464685,119.9640913
29/06/2018 13:05,112,117.3874402,123.1089902,118.947763
29/06/2018 13:10,112,117.3528361,120.4850614,115.9060703
29/06/2018 13:15,108,114.2351449,124.1140175,117.932561
29/06/2018 13:20,104,116.6339135,113.448571,113.8856849
29/06/2018 13:25,104,113.2225525,112.8407538,112.8781133
29/06/2018 13:30,108,111.9907415,116.5789282,112.8781133
29/06/2018 13:35,109,111.8322253,110.0563097,109.867464
29/06/2018 13:40,110,109.6708763,111.8591124,109.867464
29/06/2018 13:45,112,108.0501676,111.3783729,105.8862939
29/06/2018 13:50,111,105.5812979,111.312688,101.9504359
29/06/2018 13:55,111,100.2401954,107.971403,101.9504359
29/06/2018 14:00,111,98.21401894,104.638043,105.8862939
29/06/2018 14:05,117,102.8877652,106.5539086,106.8776586
29/06/2018 14:10,119,106.2736714,98.73208761,107.8717278
29/06/2018 14:15,115,111.3089776,103.7085193,109.867464
29/06/2018 14:20,119,116.1412001,108.3018494,108.8683727
29/06/2018 14:25,124,115.5217695,110.3399277,108.8683727
29/06/2018 14:30,124,113.2483506,110.2651048,108.8683727
29/06/2018 14:35,127,112.3961759,102.3435223,114.895048
29/06/2018 14:40,127,117.519033,108.4637773,116.9186189
29/06/2018 14:45,124,121.2852931,111.7131543,112.8781133
29/06/2018 14:50,120,119.8501658,112.267521,116.9186189
29/06/2018 14:55,121,122.6531398,112.8399253,121.9995906
29/06/2018 15:00,121,127.5306869,116.7530036,121.9995906
29/06/2018 15:05,119,126.9840944,118.0834138,125.0579306
29/06/2018 15:10,123,130.7016718,118.9150822,125.0579306
29/06/2018 15:15,125,133.4179974,118.9039272,121.9995906
29/06/2018 15:20,123,128.1571746,124.9233055,117.932561
29/06/2018 15:25,123,120.4989517,124.0073431,118.947763
29/06/2018 15:30,121,118.677212,116.9216293,118.947763
29/06/2018 15:35,124,116.7907166,117.9683864,116.9186189
29/06/2018 15:40,124,115.4236996,118.3279216,120.9814119
29/06/2018 15:45,122,120.7105279,121.467452,123.0184931
29/06/2018 15:50,121,125.819875,115.2850825,120.9814119
29/06/2018 15:55,117,124.9476624,114.2013645,120.9814119
29/06/2018 16:00,116,124.9313283,119.9164236,118.947763
29/06/2018 16:05,114,122.9009008,121.837796,121.9995906
29/06/2018 16:10,114,122.6177442,121.2062943,121.9995906
29/06/2018 16:15,111,122.887342,119.033305,119.9640913
29/06/2018 16:20,111,122.433809,118.4002256,118.947763
29/06/2018 16:25,110,121.004467,123.3251345,114.895048
29/06/2018 16:30,106,116.6505933,117.1366107,113.8856849
29/06/2018 16:35,102,112.2104335,113.6620957,111.872465
29/06/2018 16:40,105,109.3003726,118.2514942,111.872465
29/06/2018 16:45,105,109.3078244,114.2092776,108.8683727
29/06/2018 16:50,103,107.049408,112.6374471,108.8683727
29/06/2018 16:55,103,107.8942919,106.0170376,107.8717278
29/06/2018 17:00,104,107.1335351,109.7334307,103.9121906
29/06/2018 17:05,101,103.5973895,104.948737,100.0020368
29/06/2018 17:10,104,98.13213348,104.5831734,102.9297065
29/06/2018 17:15,98,100.1214856,105.7997745,102.9297065
29/06/2018 17:20,100,100.6942391,104.0648329,100.9745044
29/06/2018 17:25,96,100.4252017,101.8270302,100.9745044
29/06/2018 17:30,97,102.4021733,102.1402889,101.9504359
29/06/2018 17:35,97,104.5707583,102.3197591,99.03315706
29/06/2018 17:40,97,100.3397948,101.1498928,101.9504359
29/06/2018 17:45,97,102.6375663,99.31084871,96.14927308
29/06/2018 17:50,97,98.28181624,102.4273258,98.0679884
29/06/2018 17:55,95,98.09957087,98.28915834,94.24685968
29/06/2018 18:00,95,93.71207118,99.80453968,95.19596863
29/06/2018 18:05,92,94.35051143,97.74587989,95.19596863
29/06/2018 18:10,90,93.45254481,101.9793332,95.19596863
29/06/2018 18:15,89,96.39942408,95.41034818,95.19596863
29/06/2018 18:20,91,96.05799258,97.23978579,95.19596863
29/06/2018 18:25,91,98.00022185,95.62417328,93.30206507
29/06/2018 18:30,89,95.4457134,92.36972928,93.30206507
29/06/2018 18:35,89,94.57754731,91.65024936,90.49474155
29/06/2018 18:40,87,91.11673713,95.28242469,88.64689969
29/06/2018 18:45,86,87.76083708,92.55203664,87.73043255
29/06/2018 18:50,83,85.59042871,94.11664605,89.56837363
29/06/2018 18:55,81,87.7458775,93.57911468,89.56837363
29/06/2018 19:00,80,88.87088299,92.39100337,87.73043255
29/06/2018 19:05,83,89.20090854,92.62813985,87.73043255
29/06/2018 19:10,83,89.60737228,87.81349599,85.91296456
29/06/2018 19:15,82,87.35748768,87.97038198,85.01218386
29/06/2018 19:20,81,84.39850211,85.94725013,82.34295164
29/06/2018 19:25,81,80.87568521,87.35873401,80.59211186
29/06/2018 19:30,79,78.41338396,85.59309363,79.72559709
29/06/2018 19:35,79,76.22427881,83.13605368,82.34295164
29/06/2018 19:40,79,79.49123263,83.08460116,82.34295164
29/06/2018 19:45,81,81.55854464,82.27272868,81.46459747
29/06/2018 19:50,82,83.11637044,80.96383095,80.59211186
29/06/2018 19:55,82,82.96690583,86.47054553,80.59211186
29/06/2018 20:00,81,82.35357344,86.45516336,78.86515418
29/06/2018 20:05,80,78.56529653,85.26895642,78.86515418
29/06/2018 20:10,80,77.85732925,80.73501647,78.86515418
29/06/2018 20:15,81,78.10208321,84.22670126,80.59211186
29/06/2018 20:20,79,80.56488693,79.33336616,81.46459747
29/06/2018 20:25,79,82.73894489,83.02555323,81.46459747
29/06/2018 20:30,80,84.65259254,83.90598595,80.59211186
29/06/2018 20:35,81,83.92349601,83.84810269,79.72559709
29/06/2018 20:40,81,82.1984762,82.8917098,79.72559709
29/06/2018 20:45,78,80.34231663,84.12209272,80.59211186
29/06/2018 20:50,77,80.5625701,82.5321883,78.86515418
29/06/2018 20:55,82,79.16347384,79.68910575,78.86515418
29/06/2018 21:00,81,79.21474755,81.77666903,79.72559709
29/06/2018 21:05,80,80.29945135,81.88140392,80.59211186
29/06/2018 21:10,81,81.52106166,82.16900587,80.59211186
29/06/2018 21:15,82,81.96505249,83.83275032,78.01088287
29/06/2018 21:20,82,80.30189753,82.79345214,77.16288156
29/06/2018 21:25,82,77.90018439,79.57854509,81.46459747
29/06/2018 21:30,82,81.02854729,78.41625571,80.59211186
29/06/2018 21:35,81,81.39072776,80.5890882,79.72559709
29/06/2018 21:40,78,81.54028118,77.23062575,80.59211186
29/06/2018 21:45,74,83.7033093,80.26275694,81.46459747
29/06/2018 21:50,74,84.6028465,83.81067574,81.46459747
29/06/2018 21:55,76,82.77452528,81.85527146,81.46459747
29/06/2018 22:00,78,83.70373428,81.02833509,81.46459747
29/06/2018 22:05,78,84.080832,85.43927193,80.59211186
29/06/2018 22:10,78,82.4029839,83.4157455,78.01088287
29/06/2018 22:15,78,78.49766374,81.35882795,74.65746179
29/06/2018 22:20,79,73.1012392,80.60772896,74.65746179
29/06/2018 22:25,79,70.71667671,82.27700531,76.32124734
29/06/2018 22:30,75,71.87150836,76.71842694,78.01088287
29/06/2018 22:35,75,75.61274052,80.55489957,78.01088287
29/06/2018 22:40,74,79.11605418,78.32432091,78.01088287
29/06/2018 22:45,74,81.67547405,76.46460712,78.01088287
29/06/2018 22:50,74,81.39909744,81.93690062,78.86515418
29/06/2018 22:55,74,81.02671504,81.72180653,78.86515418
29/06/2018 23:00,72,80.41220307,79.67502117,75.48607596
29/06/2018 23:05,74,76.72051787,79.33982134,75.48607596
29/06/2018 23:10,74,75.038414,79.73023117,74.65746179
29/06/2018 23:15,72,73.01730514,80.7417655,74.65746179
29/06/2018 23:20,72,71.99963629,75.74340761,74.65746179
29/06/2018 23:25,71,72.41250098,75.6423378,74.65746179
29/06/2018 23:30,69,74.47640598,79.59130764,73.02027566
29/06/2018 23:35,69,72.7060169,75.69930971,74.65746179
29/06/2018 23:40,69,74.30562139,78.58971298,74.65746179
29/06/2018 23:45,69,74.70947623,79.43391144,73.02027566
29/06/2018 23:50,68,73.18993092,74.25168514,73.02027566
29/06/2018 23:55,68,72.68960774,75.39384365,72.21188548
30/06/2018 00:00,67,71.99846387,76.37912631,70.61595465
30/06/2018 00:05,67,68.60911906,75.61353862,70.61595465
30/06/2018 00:10,66,67.8529346,72.12613523,70.61595465
30/06/2018 00:15,65,68.41549277,73.39519858,70.61595465
30/06/2018 00:20,64,68.52972925,71.9065541,69.82858716
30/06/2018 00:25,64,68.39713097,71.95550621,69.82858716
30/06/2018 00:30,64,68.99771392,76.60604358,69.04839793
30/06/2018 00:35,63,67.82723486,71.91796601,69.04839793
30/06/2018 00:40,63,67.39379287,70.65847099,68.27546986
30/06/2018 00:45,63,66.37733996,72.81470954,67.50988431
30/06/2018 00:50,64,65.51728427,68.9480561,66.75172117
30/06/2018 00:55,64,64.09221113,69.32729125,66.75172117
30/06/2018 01:00,64,63.93521011,68.54052603,66.75172117
30/06/2018 01:05,64,63.83772314,68.56367767,66.00105875
30/06/2018 01:10,64,63.54391575,66.95019245,66.00105875
30/06/2018 01:15,64,63.77038956,67.29399681,66.00105875
30/06/2018 01:20,64,64.03973043,70.25015593,66.75172117
30/06/2018 01:25,64,64.94442105,69.15935695,66.75172117
30/06/2018 01:30,64,65.50613463,69.96770024,66.75172117
30/06/2018 01:35,64,66.22705519,70.56840897,66.75172117
30/06/2018 01:40,64,66.24091625,68.1429112,66.75172117
30/06/2018 01:45,64,66.09790564,69.23951149,66.75172117
30/06/2018 01:50,64,65.60982227,71.20010316,66.75172117
30/06/2018 01:55,64,65.60982227,70.2335602,66.75172117
30/06/2018 02:00,64,65.60982227,69.47802067,66.75172117
30/06/2018 02:05,64,65.60982227,69.35659409,66.75172117
30/06/2018 02:10,64,65.60982227,66.734851,66.75172117
30/06/2018 02:15,64,65.60982227,69.90644753,66.75172117
30/06/2018 02:20,64,65.60982227,70.01802087,66.75172117
30/06/2018 02:25,64,65.60982227,72.63382077,66.75172117
30/06/2018 02:30,64,65.60982227,67.15017319,66.75172117
30/06/2018 02:35,63,65.60982227,70.84302306,66.75172117
30/06/2018 02:40,63,65.60982227,66.61022425,66.75172117
30/06/2018 02:45,63,65.60982227,69.00417387,66.75172117
30/06/2018 02:50,63,65.60982227,66.49474859,66.75172117
30/06/2018 02:55,64,65.60982227,68.40096951,66.75172117
30/06/2018 03:00,64,65.60982227,72.25485682,66.75172117
30/06/2018 03:05,63,65.60982227,67.02774107,66.00105875
30/06/2018 03:10,63,64.68531549,69.96077955,66.00105875
30/06/2018 03:15,63,64.26533878,65.80866158,66.00105875
30/06/2018 03:20,63,64.03973043,68.06172311,66.00105875
30/06/2018 03:25,63,64.02039587,66.48601472,66.75172117
30/06/2018 03:30,63,65.093503,67.68146098,66.75172117
30/06/2018 03:35,63,65.99964976,68.31204176,66.00105875
30/06/2018 03:40,63,65.30267298,67.25065768,66.00105875
30/06/2018 03:45,63,64.8989898,67.56619394,66.00105875
30/06/2018 03:50,63,64.52813029,67.01183915,66.00105875
30/06/2018 03:55,63,64.02039587,66.51486099,66.00105875
30/06/2018 04:00,62,64.16937768,70.02768636,66.00105875
30/06/2018 04:05,62,64.66107965,67.14333594,66.00105875
30/06/2018 04:10,62,64.66107965,67.80746281,66.00105875
30/06/2018 04:15,62,64.66107965,70.40589988,66.00105875
30/06/2018 04:20,62,64.66107965,66.94718897,66.00105875
30/06/2018 04:25,62,64.66107965,68.20846438,66.00105875
30/06/2018 04:30,62,64.66107965,69.64773417,65.25797385
30/06/2018 04:35,62,63.74128163,67.55769193,65.25797385
30/06/2018 04:40,62,63.32470417,70.86897075,65.25797385
30/06/2018 04:45,62,63.09662759,65.85768044,65.25797385
30/06/2018 04:50,62,63.07576776,64.66797352,65.25797385
30/06/2018 04:55,62,63.22042227,69.03390348,65.25797385
30/06/2018 05:00,62,63.71295929,71.40002489,65.25797385
30/06/2018 05:05,61,63.71295929,65.01446605,65.25797385
30/06/2018 05:10,61,63.71295929,65.00216782,65.25797385
30/06/2018 05:15,61,63.71295929,68.46710086,65.25797385
30/06/2018 05:20,61,63.71295929,63.7776196,65.25797385
30/06/2018 05:25,62,63.71295929,69.40070391,65.25797385
30/06/2018 05:30,62,63.71295929,65.77687502,65.25797385
30/06/2018 05:35,62,63.71295929,69.65373397,64.52254172
30/06/2018 05:40,62,62.79793859,67.18264282,64.52254172
30/06/2018 05:45,62,62.38570631,64.61958945,64.52254172
30/06/2018 05:50,62,62.1576339,65.04480481,64.52254172
30/06/2018 05:55,62,62.139768,63.34332705,65.25797385
30/06/2018 06:00,61,63.19580674,68.49796534,65.25797385
30/06/2018 06:05,61,64.09587443,66.54661715,65.25797385
30/06/2018 06:10,62,64.32068765,66.13892615,65.25797385
30/06/2018 06:15,62,64.33908343,67.40838528,65.25797385
30/06/2018 06:20,62,64.19835448,68.39625478,65.25797385
30/06/2018 06:25,62,63.71295929,70.76692283,65.25797385
30/06/2018 06:30,62,63.71295929,69.3902421,64.52254172
30/06/2018 06:35,62,62.79793859,70.35240054,64.52254172
30/06/2018 06:40,62,62.38570631,70.31765997,65.25797385
30/06/2018 06:45,62,63.07240963,67.54683197,65.25797385
30/06/2018 06:50,63,63.46660733,65.18259466,65.25797385
30/06/2018 06:55,64,63.83576035,67.13224828,65.25797385
30/06/2018 07:00,64,64.33908343,66.86483026,65.25797385
30/06/2018 07:05,65,64.19835448,66.45188928,65.25797385
30/06/2018 07:10,65,63.71295929,68.48671377,65.25797385
30/06/2018 07:15,65,63.71295929,64.48898792,65.25797385
30/06/2018 07:20,68,63.71295929,64.57421899,66.00105875
30/06/2018 07:25,68,64.63238239,66.17536306,66.75172117
30/06/2018 07:30,69,65.96812546,66.25939071,66.75172117
30/06/2018 07:35,70,66.61124229,68.56842697,67.50988431
30/06/2018 07:40,70,67.78518081,69.72024441,67.50988431
30/06/2018 07:45,70,68.07614446,68.80449831,67.50988431
30/06/2018 07:50,71,67.67159104,71.04159355,69.82858716
30/06/2018 07:55,71,70.01014173,68.42206895,69.82858716
30/06/2018 08:00,70,71.11946821,73.53434563,70.61595465
30/06/2018 08:05,71,72.24201381,67.52844512,71.41041604
30/06/2018 08:10,73,73.66955519,70.58163822,71.41041604
30/06/2018 08:15,74,73.87609661,71.67208314,71.41041604
30/06/2018 08:20,78,72.61242926,72.06597775,72.21188548
30/06/2018 08:25,78,73.43585908,79.19356525,72.21188548
30/06/2018 08:30,79,73.20590854,72.25980997,71.41041604
30/06/2018 08:35,81,71.96757138,70.64123094,72.21188548
30/06/2018 08:40,81,72.5163579,72.29605377,73.83549782
30/06/2018 08:45,82,74.48119104,74.30933952,74.65746179
30/06/2018 08:50,83,75.98767102,76.46218956,78.01088287
30/06/2018 08:55,82,80.92268348,76.06474996,78.01088287
30/06/2018 09:00,81,83.24847817,76.33281648,78.86515418
30/06/2018 09:05,81,84.31295812,79.08922315,80.59211186
30/06/2018 09:10,81,85.60605526,80.44765353,80.59211186
30/06/2018 09:15,82,85.53585827,80.96209347,81.46459747
30/06/2018 09:20,83,84.91117477,80.83688259,82.34295164
30/06/2018 09:25,83,86.20852709,79.63583469,81.46459747
30/06/2018 09:30,83,85.01803398,81.35841072,80.59211186
30/06/2018 09:35,85,82.79101789,85.46079278,80.59211186
30/06/2018 09:40,83,81.99568212,83.26002121,80.59211186
30/06/2018 09:45,81,81.06792688,81.36108577,81.46459747
30/06/2018 09:50,85,81.67389154,84.9379164,82.34295164
30/06/2018 09:55,86,83.78298223,84.56342638,82.34295164
30/06/2018 10:00,86,84.95929182,79.9856931,82.34295164
30/06/2018 10:05,88,85.19766748,82.11785376,84.11685022
30/06/2018 10:10,88,87.04518199,83.47127199,82.34295164
30/06/2018 10:15,87,85.22477984,85.21072686,80.59211186
30/06/2018 10:20,86,82.294029,82.48890162,84.11685022
30/06/2018 10:25,89,84.99785721,82.88051069,85.01218386
30/06/2018 10:30,89,86.91936612,82.706182,85.01218386
30/06/2018 10:35,87,87.46253371,86.70731425,86.81908396
30/06/2018 10:40,86,91.14194334,86.59360647,86.81908396
30/06/2018 10:45,88,92.42398977,86.92276597,85.91296456
30/06/2018 10:50,88,89.57660854,85.72917461,85.01218386
30/06/2018 10:55,88,87.65399337,92.70522773,87.73043255
30/06/2018 11:00,89,89.67051923,82.03278363,87.73043255
30/06/2018 11:05,86,89.67747271,89.28480446,85.91296456
30/06/2018 11:10,87,88.46412063,87.26137996,85.01218386
30/06/2018 11:15,87,87.36023188,86.38453662,86.81908396
30/06/2018 11:20,88,88.51817429,89.41035032,86.81908396
30/06/2018 11:25,89,87.5394088,86.15606904,86.81908396
30/06/2018 11:30,86,88.29317212,87.43238866,87.73043255
30/06/2018 11:35,88,90.56473196,87.32729673,85.01218386
30/06/2018 11:40,88,88.17936957,86.98183239,85.91296456
30/06/2018 11:45,89,87.04572022,86.72552586,85.91296456
30/06/2018 11:50,90,86.84320688,86.72976673,86.81908396
30/06/2018 11:55,87,87.83813775,88.32872212,87.73043255
30/06/2018 12:00,85,89.26878691,86.37467384,85.01218386
30/06/2018 12:05,84,88.32457542,87.13386118,86.81908396
30/06/2018 12:10,82,88.74100566,85.96009016,86.81908396
30/06/2018 12:15,83,88.80648375,88.23677957,87.73043255
30/06/2018 12:20,85,89.48950887,84.09005344,88.64689969
30/06/2018 12:25,85,90.93912065,87.28861034,85.91296456
30/06/2018 12:30,84,89.83029187,88.84334624,84.11685022
30/06/2018 12:35,86,85.71477056,90.32180488,83.22707081
30/06/2018 12:40,88,83.05329204,90.42458773,81.46459747
30/06/2018 12:45,86,79.44017231,84.10774291,82.34295164
30/06/2018 12:50,87,79.2958343,83.69054496,84.11685022
30/06/2018 12:55,87,83.18242013,82.35232949,84.11685022
30/06/2018 13:00,85,85.45019984,82.81287372,83.22707081
30/06/2018 13:05,84,85.76319635,84.19633448,85.01218386
30/06/2018 13:10,84,88.25520396,86.48734272,86.81908396
30/06/2018 13:15,82,90.04886746,86.25675619,85.01218386
30/06/2018 13:20,83,88.26993942,84.78392959,85.91296456
30/06/2018 13:25,83,89.04109061,89.96066988,85.91296456
30/06/2018 13:30,81,89.27941799,85.42192876,84.11685022
30/06/2018 13:35,80,86.06395781,88.58679414,83.22707081
30/06/2018 13:40,82,83.49817693,85.62896073,83.22707081
30/06/2018 13:45,81,83.52659583,84.8881644,81.46459747
30/06/2018 13:50,79,80.75323939,84.95233297,82.34295164
30/06/2018 13:55,79,81.19931459,83.00597847,82.34295164
30/06/2018 14:00,80,82.41331339,85.77495277,80.59211186
30/06/2018 14:05,81,81.14398777,82.50826418,79.72559709
30/06/2018 14:10,82,79.64613616,83.25898588,81.46459747
30/06/2018 14:15,79,81.64080203,80.39096177,80.59211186
30/06/2018 14:20,84,80.73214293,82.07157254,78.86515418
30/06/2018 14:25,86,79.07366157,79.59475815,78.86515418
30/06/2018 14:30,86,79.2533648,82.73828089,79.72559709
30/06/2018 14:35,87,79.97700274,81.67086124,80.59211186
30/06/2018 14:40,87,80.46496391,79.22819257,81.46459747
30/06/2018 14:45,87,82.95448601,80.72466195,78.86515418
30/06/2018 14:50,87,81.71112239,81.42216027,83.22707081
30/06/2018 14:55,86,85.43608189,81.01393998,85.01218386
30/06/2018 15:00,87,88.27018023,82.63058901,85.01218386
30/06/2018 15:05,85,89.47464287,78.65711331,85.91296456
30/06/2018 15:10,84,90.97253919,88.82113159,85.91296456
30/06/2018 15:15,82,92.2024852,85.46467006,85.91296456
30/06/2018 15:20,83,89.45709944,87.68586516,85.91296456
30/06/2018 15:25,83,88.41843367,87.50212729,85.01218386
30/06/2018 15:30,85,87.25311875,87.43937016,85.91296456
30/06/2018 15:35,85,87.28649318,87.39367783,84.11685022
30/06/2018 15:40,84,85.50521731,86.21213377,83.22707081
30/06/2018 15:45,86,83.8409102,84.88411665,81.46459747
30/06/2018 15:50,82,81.17857218,86.60137892,82.34295164
30/06/2018 15:55,84,81.41456962,84.75638628,82.34295164
30/06/2018 16:00,86,81.19207263,84.35625255,84.11685022
30/06/2018 16:05,86,84.58680987,82.45013177,84.11685022
30/06/2018 16:10,86,86.32926822,87.99300492,83.22707081
30/06/2018 16:15,84,86.65994287,85.77443779,85.01218386
30/06/2018 16:20,78,87.72818387,89.96091366,81.46459747
30/06/2018 16:25,76,84.05542672,83.34091425,83.22707081
30/06/2018 16:30,75,83.68523359,86.58239543,85.01218386
30/06/2018 16:35,75,85.87268353,85.98738253,85.01218386
30/06/2018 16:40,76,87.29357719,82.38776147,85.01218386
30/06/2018 16:45,77,87.3712796,84.48949695,83.22707081
30/06/2018 16:50,77,87.19974101,86.64960384,78.01088287
30/06/2018 16:55,77,79.01851058,84.18632865,76.32124734
30/06/2018 17:00,74,73.00980508,85.37592411,75.48607596
30/06/2018 17:05,74,69.81156051,83.86376023,75.48607596
30/06/2018 17:10,74,69.16627824,80.52044988,76.32124734
30/06/2018 17:15,73,71.90717399,77.89264083,77.16288156
30/06/2018 17:20,72,76.76722705,84.73706365,77.16288156
30/06/2018 17:25,69,78.61693799,81.98269486,77.16288156
30/06/2018 17:30,68,79.37565088,77.33571708,74.65746179
30/06/2018 17:35,69,76.31866097,77.4632597,74.65746179
30/06/2018 17:40,69,74.37030792,74.41237092,74.65746179
30/06/2018 17:45,68,73.1716466,78.18444908,73.83549782
30/06/2018 17:50,67,72.15865135,75.31227589,73.02027566
30/06/2018 17:55,67,71.24351919,74.82975423,70.61595465
30/06/2018 18:00,67,69.28847373,72.81498373,69.82858716
30/06/2018 18:05,63,66.84137106,74.53417242,70.61595465
30/06/2018 18:10,62,66.82586908,76.1299181,70.61595465
30/06/2018 18:15,59,67.63968468,73.84104908,69.82858716
30/06/2018 18:20,61,67.86773026,70.36215723,69.04839793
30/06/2018 18:25,61,68.20342422,71.39578938,69.04839793
30/06/2018 18:30,63,67.91971385,71.34970009,69.04839793
30/06/2018 18:35,62,67.16696441,73.35014641,66.00105875
30/06/2018 18:40,61,63.56999218,73.3202076,65.25797385
30/06/2018 18:45,62,61.65219307,69.31021154,63.07492886
30/06/2018 18:50,63,58.09292734,67.49245942,64.52254172
30/06/2018 18:55,62,58.38120997,69.95885551,64.52254172
30/06/2018 19:00,61,59.07576561,66.59644842,66.00105875
30/06/2018 19:05,62,63.44645917,64.68667746,65.25797385
30/06/2018 19:10,62,64.29527879,65.60666621,64.52254172
30/06/2018 19:15,61,64.60548341,65.90021074,65.25797385
30/06/2018 19:20,60,63.94483864,70.38764358,66.00105875
30/06/2018 19:25,61,64.75005031,63.84105265,65.25797385
30/06/2018 19:30,61,63.61718774,64.45971727,64.52254172
30/06/2018 19:35,61,63.16434443,69.70342338,65.25797385
30/06/2018 19:40,60,63.808164,67.0702517,65.25797385
30/06/2018 19:45,59,63.3459276,70.55782139,64.52254172
30/06/2018 19:50,61,62.28816211,69.20460939,63.79483603
30/06/2018 19:55,61,61.6144824,65.95662713,64.52254172
30/06/2018 20:00,60,62.23333955,63.31660748,64.52254172
30/06/2018 20:05,59,61.90807819,64.26721811,64.52254172
30/06/2018 20:10,55,62.26052523,63.93682539,63.79483603
30/06/2018 20:15,55,62.00011671,65.06008089,63.07492886
30/06/2018 20:20,52,61.03140831,69.71473515,64.52254172
30/06/2018 20:25,53,61.71567202,68.5903877,64.52254172
30/06/2018 20:30,53,62.29473531,65.89339912,63.79483603
30/06/2018 20:35,52,61.96122169,69.00276542,63.07492886
30/06/2018 20:40,52,61.30139828,65.40104926,60.27467173
30/06/2018 20:45,52,57.30287969,65.70034325,60.27467173
30/06/2018 20:50,52,54.4688651,67.07277238,58.25965803
30/06/2018 20:55,52,51.04562223,62.75748909,58.9230913
30/06/2018 21:00,51,51.26907527,62.13007927,58.9230913
30/06/2018 21:05,50,51.98480517,63.88529062,58.25965803
30/06/2018 21:10,52,53.20145279,61.55128539,58.25965803
30/06/2018 21:15,51,53.20069671,58.9064002,58.25965803
30/06/2018 21:20,50,54.23306078,60.13703525,58.25965803
30/06/2018 21:25,50,53.75834376,59.41601813,58.25965803
30/06/2018 21:30,49,53.88043523,62.10313499,57.60454214
30/06/2018 21:35,50,53.48142266,58.4389469,56.95780109
30/06/2018 21:40,48,52.22937673,59.21534538,58.25965803
30/06/2018 21:45,48,53.31478536,60.94377875,57.60454214
30/06/2018 21:50,48,53.00114483,61.03378296,56.95780109
30/06/2018 21:55,46,52.32220322,61.48443401,56.95780109
30/06/2018 22:00,46,52.30290741,57.30644226,56.3194907
30/06/2018 22:05,46,51.40847445,59.00804102,56.95780109
30/06/2018 22:10,46,51.06351674,60.46544075,55.68966513
30/06/2018 22:15,44,50.10960907,63.80963087,55.68966513
30/06/2018 22:20,44,49.99282718,57.09075332,55.68966513
30/06/2018 22:25,43,49.66385812,60.59544504,54.45567664
30/06/2018 22:30,42,48.28939766,56.61063254,54.45567664
30/06/2018 22:35,43,47.30190396,57.56872505,54.45567664
30/06/2018 22:40,43,47.73211807,54.22697574,54.45567664
30/06/2018 22:45,43,47.6966095,55.439457,53.2562352
30/06/2018 22:50,43,46.28387064,57.77343363,53.2562352
30/06/2018 22:55,43,46.39093041,53.94808918,52.6695871
30/06/2018 23:00,43,45.11168927,59.62392956,52.09171334
30/06/2018 23:05,42,43.89180541,59.19798493,52.6695871
30/06/2018 23:10,42,44.30552036,55.96757978,52.6695871
30/06/2018 23:15,42,45.30002594,54.57873881,52.6695871
30/06/2018 23:20,42,45.62484026,60.20807773,52.6695871
30/06/2018 23:25,42,46.17517471,52.67373592,52.6695871
30/06/2018 23:30,42,46.48707628,54.81467217,52.6695871
30/06/2018 23:35,42,46.06493384,52.22796947,52.09171334
30/06/2018 23:40,42,45.25912434,57.26721227,52.09171334
30/06/2018 23:45,41,44.87924308,55.66838413,52.09171334
30/06/2018 23:50,41,44.64583993,58.48183215,52.09171334
30/06/2018 23:55,41,44.63040531,54.35193002,52.09171334
